Unnamed: 0,Unnamed: 1,Unnamed: 2,Unnamed: 3,Unnamed: 4
,,,,
,,,,
,,,,
Banco Central de Honduras,,,,
Departamento de Operaciones Cambiarias,,,,
"Ingresos por Remesas Familiares, Según Departamento, 2017-2025",,,,
(en USD),,,,
,,,,
Año,Mes,Departamento,Monto,Beneficiario 
2017,Enero,Francisco Morazán,130639049.949997,204388
2017,Enero,Cortés,74377097.09999949,202630
2017,Enero,Atlántida,17048448.93999992,43002
2017,Enero,Olancho,12524658.03000001,28202
2017,Enero,Comayagua,10998876.84999999,25615
2017,Enero,Yoro,10141202.21,33704
2017,Enero,Colón,10047976.13000001,25741
2017,Enero,Choluteca,7816863.420000002,20803
2017,Enero,Copán,6158705.250000004,14140
2017,Enero,Valle,4665171.030000005,12542
2017,Enero,Islas de la Bahía,4164880.76,6870
2017,Enero,El Paraíso,3871246.910000001,9361
2017,Enero,Santa Bárbara,3846946.230000004,11848
2017,Enero,Intibucá,2240113.040000001,4196
2017,Enero,La Paz,1130596.17,3253
2017,Enero,Ocotepeque,1009303.76,2423
2017,Enero,Lempira,961202.44,2544
2017,Enero,Gracias a Dios,268154.7099999998,1753
2017,Febrero,Francisco Morazán,147542947.86,209763
2017,Febrero,Cortés,79855251.02999935,206527
2017,Febrero,Atlántida,20140076.44999998,49065
2017,Febrero,Olancho,14493450.94999999,29352
2017,Febrero,Colón,12274346.39,26773
2017,Febrero,Comayagua,12242276.78,25784
2017,Febrero,Yoro,11198736.08,34602
2017,Febrero,Choluteca,8189502.319999999,20470
2017,Febrero,Copán,7045612.640000002,14815
2017,Febrero,Valle,5131214.190000003,12348
2017,Febrero,Islas de la Bahía,4364691.13,6723
2017,Febrero,Santa Bárbara,4290950.900000005,11802
2017,Febrero,El Paraíso,4076432.57,9235
2017,Febrero,Intibucá,2502765.48,4222
2017,Febrero,Lempira,1159194.72,2487
2017,Febrero,La Paz,1143910.15,3029
2017,Febrero,Ocotepeque,1095265.55,2409
2017,Febrero,Gracias a Dios,198481.96,839
2017,Marzo,Francisco Morazán,175578152.4100021,236919
2017,Marzo,Cortés,94262933.5999992,226974
2017,Marzo,Atlántida,22264517.0899999,48573
2017,Marzo,Olancho,17754515.07999993,33662
2017,Marzo,Colón,14550100.94999999,29656
2017,Marzo,Comayagua,14475695.64999999,29389
2017,Marzo,Yoro,13793202.98,39680
2017,Marzo,Choluteca,9909808.46,22698
2017,Marzo,Copán,8008929.750000004,16521
2017,Marzo,Valle,6067593.000000003,13807
2017,Marzo,Islas de la Bahía,5144834.46,7329
2017,Marzo,Santa Bárbara,4866038.100000005,13140
2017,Marzo,El Paraíso,4757175.560000001,10349
2017,Marzo,Intibucá,2667111.140000001,4664
2017,Marzo,La Paz,1308939.69,3456
2017,Marzo,Ocotepeque,1194257.09,2583
2017,Marzo,Lempira,1119783.41,2545
2017,Marzo,Gracias a Dios,219687.56,993
2017,Abril,Francisco Morazán,146562937.6399989,234240
2017,Abril,Cortés,81061151.58999902,212704
2017,Abril,Atlántida,20201985.26999984,47833
2017,Abril,Olancho,16498478.19999991,33685
2017,Abril,Comayagua,13242405.41,29191
2017,Abril,Colón,12603784.38000001,28683
2017,Abril,Yoro,12545758.56,39258
2017,Abril,Choluteca,8617511.28000001,21897
2017,Abril,Copán,7282472.990000006,16451
2017,Abril,Valle,5579720.510000006,13959
2017,Abril,Islas de la Bahía,4587750.989999999,6995
2017,Abril,El Paraíso,4437338.710000006,10478
2017,Abril,Santa Bárbara,4339315.870000007,12836
2017,Abril,Intibucá,2146509.640000001,4391
2017,Abril,La Paz,1280117.41,3441
2017,Abril,Ocotepeque,1054833.91,2613
2017,Abril,Lempira,1028185.34,2416
2017,Abril,Gracias a Dios,214215.43,847
2017,Mayo,Francisco Morazán,189916867.4300036,288151
2017,Mayo,Cortés,99133088.36999945,244538
2017,Mayo,Atlántida,24751374.02999991,54382
2017,Mayo,Olancho,20165527.69999991,38040
2017,Mayo,Comayagua,16849228.64999996,34163
2017,Mayo,Yoro,15691720.81999998,45210
2017,Mayo,Colón,15567480.66999998,32823
2017,Mayo,Choluteca,10421302.7,24475
2017,Mayo,Copán,8772593.840000004,19587
2017,Mayo,Valle,6693514.970000003,15369
2017,Mayo,Santa Bárbara,5551991.020000004,15404
2017,Mayo,El Paraíso,5356525.680000005,12009
2017,Mayo,Islas de la Bahía,4852047.320000002,7464
2017,Mayo,Intibucá,2711871.58,5265
2017,Mayo,La Paz,1623321.49,4210
2017,Mayo,Ocotepeque,1279843.53,3052
2017,Mayo,Lempira,1260796.21,2909
2017,Mayo,Gracias a Dios,246625.92,1058
2017,Junio,Francisco Morazán,159617696.189996,228939
2017,Junio,Cortés,87385195.56999993,220549
2017,Junio,Atlántida,21493765.46000008,49707
2017,Junio,Olancho,16570396.76999995,33837
2017,Junio,Comayagua,14702380.32999999,30471
2017,Junio,Yoro,13005727.74999996,39313
2017,Junio,Colón,12994496.08999998,28677
2017,Junio,Choluteca,9047931.309999991,22165
2017,Junio,Copán,7744363.219999997,17231
2017,Junio,Valle,5078997.320000003,12053
2017,Junio,Santa Bárbara,4793755.620000005,13680
2017,Junio,El Paraíso,4785315.159999999,11035
2017,Junio,Islas de la Bahía,4768515.5,7064
2017,Junio,Intibucá,2498384.419999999,4753
2017,Junio,La Paz,1476224.76,3727
2017,Junio,Ocotepeque,1174682.69,2763
2017,Junio,Lempira,1118586.38,2600
2017,Junio,Gracias a Dios,149220.11,601
2017,Julio,Francisco Morazán,163296605.5600021,240275
2017,Julio,Cortés,86707215.42999916,219816
2017,Julio,Atlántida,21857736.64999987,50795
2017,Julio,Olancho,16804586.17999994,34597
2017,Julio,Comayagua,14989429.59999998,31268
2017,Julio,Colón,13521519.58999999,29650
2017,Julio,Yoro,13167673.94000001,39617
2017,Julio,Choluteca,9516985.620000003,22852
2017,Julio,Copán,7916848.540000005,17940
2017,Julio,Valle,5199346.020000001,10758
2017,Julio,El Paraíso,5009007.990000002,11170
2017,Julio,Santa Bárbara,4999483.580000005,14389
2017,Julio,Islas de la Bahía,4775758.420000003,7243
2017,Julio,Intibucá,2392653.780000001,4770
2017,Julio,La Paz,1469963.24,3879
2017,Julio,Lempira,1178495.56,2682
2017,Julio,Ocotepeque,1164046.94,2825
2017,Julio,Gracias a Dios,150723.69,821
2017,Agosto,Francisco Morazán,173057482.5000005,314977
2017,Agosto,Cortés,97294762.82999887,237422
2017,Agosto,Atlántida,23370052.52999995,52019
2017,Agosto,Olancho,17979351.76999998,36369
2017,Agosto,Comayagua,15773936.51000001,32339
2017,Agosto,Yoro,14080402.87000002,40816
2017,Agosto,Colón,13873212.93000002,30231
2017,Agosto,Choluteca,10133008.36000001,23864
2017,Agosto,Copán,8345964.580000008,18480
2017,Agosto,El Paraíso,5254409.340000006,11806
2017,Agosto,Santa Bárbara,5241583.010000004,14724
2017,Agosto,Valle,5174195.990000003,10981
2017,Agosto,Islas de la Bahía,4698811.250000002,7000
2017,Agosto,Intibucá,2539010.01,4846
2017,Agosto,La Paz,1578931.19,4116
2017,Agosto,Lempira,1240407.89,2726
2017,Agosto,Ocotepeque,1220221.04,2921
2017,Agosto,Gracias a Dios,97054.89000000001,445
2017,Septiembre,Francisco Morazán,147952980.3900006,293258
2017,Septiembre,Cortés,86062780.04999909,221864
2017,Septiembre,Atlántida,19904098.10999992,46593
2017,Septiembre,Olancho,15757706.55999998,33668
2017,Septiembre,Comayagua,14455456.22,30419
2017,Septiembre,Colón,12871646.25,29048
2017,Septiembre,Yoro,12719119.71000001,39028
2017,Septiembre,Choluteca,9584149.870000001,23788
2017,Septiembre,Copán,7637629.23,17516
2017,Septiembre,Santa Bárbara,4814888.340000002,13810
2017,Septiembre,Valle,4756473.42,10428
2017,Septiembre,El Paraíso,4637697.490000003,10945
2017,Septiembre,Islas de la Bahía,4132670.270000002,6728
2017,Septiembre,Intibucá,2092711.59,4369
2017,Septiembre,La Paz,1424613.07,3681
2017,Septiembre,Ocotepeque,1151537.93,2784
2017,Septiembre,Lempira,1092976.42,2543
2017,Septiembre,Gracias a Dios,91048.57,398
2017,Octubre,Francisco Morazán,168535383.7400035,319817
2017,Octubre,Cortés,97001807.5199993,241004
2017,Octubre,Atlántida,22862330.81999986,52798
2017,Octubre,Olancho,17689992.87999997,37160
2017,Octubre,Yoro,14895750.54999999,43397
2017,Octubre,Comayagua,14851832.29,31035
2017,Octubre,Colón,13932540.86,30425
2017,Octubre,Choluteca,12285174.86,28537
2017,Octubre,Copán,8223495.54,18568
2017,Octubre,Santa Bárbara,5484093.770000007,15425
2017,Octubre,El Paraíso,4993170.400000002,11211
2017,Octubre,Valle,4975088.520000001,10782
2017,Octubre,Islas de la Bahía,4176281.53,6627
2017,Octubre,Intibucá,2358349.870000001,4822
2017,Octubre,La Paz,1652487.42,4195
2017,Octubre,Ocotepeque,1345087.5,3148
2017,Octubre,Lempira,1227778.18,2787
2017,Octubre,Gracias a Dios,67107.78,306
2017,Noviembre,Francisco Morazán,153249437.6300021,304830
2017,Noviembre,Cortés,90220940.15999946,230033
2017,Noviembre,Atlántida,21130435.19999994,50388
2017,Noviembre,Olancho,16484312.61999997,35198
2017,Noviembre,Comayagua,13480590.48999999,29516
2017,Noviembre,Yoro,13206129.24999999,40578
2017,Noviembre,Colón,12788608.89,29342
2017,Noviembre,Choluteca,11308971.51999999,27051
2017,Noviembre,Copán,7366580.040000001,17184
2017,Noviembre,Santa Bárbara,4982205.460000005,14189
2017,Noviembre,Valle,4622346.390000001,10449
2017,Noviembre,El Paraíso,4514459.989999998,10391
2017,Noviembre,Islas de la Bahía,4261989.23,6808
2017,Noviembre,Intibucá,2237612.03,4467
2017,Noviembre,La Paz,1438293.89,3839
2017,Noviembre,Ocotepeque,1200928.23,2873
2017,Noviembre,Lempira,1105341.82,2713
2017,Noviembre,Gracias a Dios,78611.92000000001,393
2017,Diciembre,Francisco Morazán,164204110.2800036,333935
2017,Diciembre,Cortés,87397341.5899994,235401
2017,Diciembre,Atlántida,22231132.5999999,53393
2017,Diciembre,Olancho,16027475.78999997,35959
2017,Diciembre,Comayagua,13599492.07999999,31621
2017,Diciembre,Yoro,12887977.33,40410
2017,Diciembre,Colón,12617438.52,31847
2017,Diciembre,Choluteca,11814895.11999999,29133
2017,Diciembre,Copán,7062544,17945
2017,Diciembre,Santa Bárbara,5192115.670000001,15750
2017,Diciembre,Valle,4914090.4,11175
2017,Diciembre,Islas de la Bahía,4653598.680000001,7141
2017,Diciembre,El Paraíso,4465611.940000001,10656
2017,Diciembre,Intibucá,2062423.900000001,4435
2017,Diciembre,La Paz,1388921.03,4142
2017,Diciembre,Lempira,1014097.12,2540
2017,Diciembre,Ocotepeque,928123.4299999999,2406
2017,Diciembre,Gracias a Dios,78193.45000000001,392
2018,Enero,Francisco Morazán,146201926.6699999,300403
2018,Enero,Cortés,83553372.90999891,223048
2018,Enero,Atlántida,20688148.22999987,49729
2018,Enero,Olancho,15094554.83,33741
2018,Enero,Comayagua,12470765.66000001,28247
2018,Enero,Yoro,12128685.06000001,38942
2018,Enero,Colón,11357870.79000001,29135
2018,Enero,Choluteca,11176829.88000001,27282
2018,Enero,Copán,6570645.390000002,16209
2018,Enero,Santa Bárbara,4583391.940000005,13923
2018,Enero,Islas de la Bahía,4466235.800000003,6885
2018,Enero,El Paraíso,4428921.130000003,10241
2018,Enero,Valle,4341194.640000002,10065
2018,Enero,Intibucá,1871495.26,3504
2018,Enero,La Paz,1437851.7,3840
2018,Enero,Lempira,923344.99,2481
2018,Enero,Ocotepeque,790599.9099999999,1665
2018,Enero,Gracias a Dios,82009.87,414
2018,Febrero,Francisco Morazán,148756450.0900017,301808
2018,Febrero,Cortés,85837902.32999955,226169
2018,Febrero,Atlántida,20996904.93999992,49887
2018,Febrero,Olancho,15303898.06999999,32952
2018,Febrero,Yoro,12668509.47,39219
2018,Febrero,Comayagua,12425057.31999998,27979
2018,Febrero,Colón,12255864,29867
2018,Febrero,Choluteca,11092392.62,26821
2018,Febrero,Copán,6693806.730000002,16110
2018,Febrero,Santa Bárbara,4761942.130000005,13870
2018,Febrero,El Paraíso,4447956.430000002,10082
2018,Febrero,Valle,4447441.77,10187
2018,Febrero,Islas de la Bahía,4403199.58,6942
2018,Febrero,Intibucá,1701537.8,3037
2018,Febrero,La Paz,1304880.96,3487
2018,Febrero,Lempira,961245.0900000001,2485
2018,Febrero,Ocotepeque,948322.3400000001,1665
2018,Febrero,Gracias a Dios,79541.52,304
2018,Marzo,Francisco Morazán,161942889.4800009,320064
2018,Marzo,Cortés,96057782.6099992,237686
2018,Marzo,Atlántida,22865726.07999991,53986
2018,Marzo,Olancho,17092255.03,33374
2018,Marzo,Yoro,14522851.61000001,42512
2018,Marzo,Colón,14221763.57999999,32078
2018,Marzo,Comayagua,14183406.93999999,30448
2018,Marzo,Choluteca,12102261.88,28075
2018,Marzo,Copán,7753514.010000008,18004
2018,Marzo,Santa Bárbara,5490669.910000009,15239
2018,Marzo,Valle,5189396.430000002,11369
2018,Marzo,El Paraíso,4825636.160000004,10745
2018,Marzo,Islas de la Bahía,4574647.880000001,6971
2018,Marzo,Intibucá,1950848.53,3284
2018,Marzo,La Paz,1495296.38,3832
2018,Marzo,Lempira,1148172.32,2763
2018,Marzo,Ocotepeque,875802.1599999999,1654
2018,Marzo,Gracias a Dios,60334.25,306
2018,Abril,Francisco Morazán,183856800.00000003,346710
2018,Abril,Cortés,102534224.8900001,250935
2018,Abril,Atlántida,25652491.01999982,59107
2018,Abril,Olancho,18118816.77999995,33918
2018,Abril,Yoro,15655583.54999996,44655
2018,Abril,Colón,15558855.52999997,33102
2018,Abril,Comayagua,15451934.14999998,32337
2018,Abril,Choluteca,12866063.24999999,29230
2018,Abril,Copán,8573671.830000002,19239
2018,Abril,Santa Bárbara,6051299.840000005,15946
2018,Abril,Valle,5903765.970000001,11986
2018,Abril,El Paraíso,5198687.87,11452
2018,Abril,Islas de la Bahía,4746092.670000001,7343
2018,Abril,Intibucá,2101404.54,3376
2018,Abril,La Paz,1631686.94,4174
2018,Abril,Lempira,1212186.98,2784
2018,Abril,Ocotepeque,861985.8700000002,1398
2018,Abril,Gracias a Dios,56803.02999999999,304
2018,Mayo,Francisco Morazán,191098183.290001,368506
2018,Mayo,Cortés,111409460.5200001,270046
2018,Mayo,Atlántida,28223562.76999984,66416
2018,Mayo,Olancho,19648256.96999993,36682
2018,Mayo,Comayagua,17567653.91999996,36553
2018,Mayo,Yoro,17031585.72999994,48177
2018,Mayo,Colón,16380712.18999996,34918
2018,Mayo,Choluteca,13081665.16999998,29969
2018,Mayo,Copán,9462472.17,21318
2018,Mayo,Santa Bárbara,6677193.680000004,17478
2018,Mayo,Valle,6048095.489999998,12849
2018,Mayo,El Paraíso,5648592.880000001,12194
2018,Mayo,Islas de la Bahía,4797649.200000001,7454
2018,Mayo,Intibucá,2141097.24,3706
2018,Mayo,La Paz,1725739.32,4515
2018,Mayo,Lempira,1296045.07,3096
2018,Mayo,Ocotepeque,963381.0000000001,1570
2018,Mayo,Gracias a Dios,50954.84,258
2018,Junio,Francisco Morazán,170487992.1900029,330715
2018,Junio,Cortés,94876050.93000042,232420
2018,Junio,Atlántida,24446415.1599999,58165
2018,Junio,Olancho,17416179.93999996,32959
2018,Junio,Comayagua,16862901.05999996,34568
2018,Junio,Yoro,14394364.47999998,41960
2018,Junio,Colón,14213520.80999998,31544
2018,Junio,Choluteca,10027041.4,23898
2018,Junio,Copán,8479610.570000002,18896
2018,Junio,Santa Bárbara,5678634.390000002,15315
2018,Junio,Valle,5348079.670000001,11498
2018,Junio,El Paraíso,5036152.329999999,11258
2018,Junio,Islas de la Bahía,4649665.880000002,6984
2018,Junio,Intibucá,2099520.01,3535
2018,Junio,La Paz,1625912.68,4009
2018,Junio,Lempira,1172546.83,2781
2018,Junio,Ocotepeque,935628.4500000002,1407
2018,Junio,Gracias a Dios,44533.71,249
2018,Julio,Francisco Morazán,178859525.1300016,344245
2018,Julio,Cortés,104932366.0699985,252573
2018,Julio,Atlántida,27048915.00999983,64039
2018,Julio,Comayagua,18879989.75999993,37897
2018,Julio,Olancho,18286128.78999995,34827
2018,Julio,Yoro,15871642.95999996,44987
2018,Julio,Colón,15053441.51999999,32907
2018,Julio,Choluteca,10519586.33,24233
2018,Julio,Copán,9246031.39000001,20501
2018,Julio,Santa Bárbara,6127904.310000008,16682
2018,Julio,El Paraíso,5933927.310000004,12743
2018,Julio,Valle,5679509.980000002,12367
2018,Julio,Islas de la Bahía,5047995.700000004,7503
2018,Julio,Intibucá,2129756.39,3543
2018,Julio,La Paz,1655787.43,4442
2018,Julio,Lempira,1368805.67,3142
2018,Julio,Ocotepeque,860232.55,1539
2018,Julio,Gracias a Dios,112842.28,659
2018,Agosto,Francisco Morazán,188073727.1500006,357578
2018,Agosto,Cortés,106340308.3100001,256905
2018,Agosto,Atlántida,27202491.17999979,65190
2018,Agosto,Comayagua,19215374.86999997,38799
2018,Agosto,Olancho,18385795.99999996,34697
2018,Agosto,Yoro,15544979.38999998,45352
2018,Agosto,Colón,15258433.90999998,33407
2018,Agosto,Choluteca,10075372.22999999,24112
2018,Agosto,Copán,9468243.289999994,21658
2018,Agosto,Santa Bárbara,6208162.430000002,16789
2018,Agosto,El Paraíso,5739141.700000001,12689
2018,Agosto,Valle,5592346.310000001,12332
2018,Agosto,Islas de la Bahía,4956734.690000001,7407
2018,Agosto,Intibucá,2160958.68,3554
2018,Agosto,La Paz,1646744.77,4422
2018,Agosto,Lempira,1259890.38,2990
2018,Agosto,Ocotepeque,912171.3200000001,1511
2018,Agosto,Gracias a Dios,53219,258
2018,Septiembre,Francisco Morazán,166910330.7400016,342293
2018,Septiembre,Cortés,94499339.22000015,242122
2018,Septiembre,Atlántida,24803382.66999981,63711
2018,Septiembre,Comayagua,17435004.07999995,37257
2018,Septiembre,Olancho,16530629.77999996,33351
2018,Septiembre,Yoro,14316583.41999996,43193
2018,Septiembre,Colón,13147674.27999999,29754
2018,Septiembre,Choluteca,9239441.1,22945
2018,Septiembre,Copán,8756620.459999999,20891
2018,Septiembre,Santa Bárbara,5746383.680000002,16414
2018,Septiembre,El Paraíso,5283839.620000001,12360
2018,Septiembre,Valle,4936722.490000002,11560
2018,Septiembre,Islas de la Bahía,4377224.930000002,6515
2018,Septiembre,Intibucá,1993237.98,3473
2018,Septiembre,La Paz,1565820.26,4390
2018,Septiembre,Lempira,1212717.09,2857
2018,Septiembre,Ocotepeque,783060.9499999998,1476
2018,Septiembre,Gracias a Dios,34748,206
2018,Octubre,Francisco Morazán,193282478.599999,378904
2018,Octubre,Cortés,106108630.3599998,260222
2018,Octubre,Atlántida,28291707.17999984,69433
2018,Octubre,Comayagua,19030402.33999997,39988
2018,Octubre,Olancho,17384889.97999996,34135
2018,Octubre,Yoro,15403700.65999995,45862
2018,Octubre,Colón,13918561.52999999,30444
2018,Octubre,Choluteca,10123658.71,24759
2018,Octubre,Copán,9764290.219999999,22376
2018,Octubre,Santa Bárbara,7330451.130000003,20554
2018,Octubre,El Paraíso,5754123.320000001,12922
2018,Octubre,Valle,5435572.730000001,12814
2018,Octubre,Islas de la Bahía,4738881.81,6667
2018,Octubre,Intibucá,2108746.48,3946
2018,Octubre,La Paz,1763096.350000001,4679
2018,Octubre,Lempira,1323654,3102
2018,Octubre,Ocotepeque,1290728.71,2640
2018,Octubre,Gracias a Dios,664048.5800000001,2152
2018,Noviembre,Francisco Morazán,175377932.6000046,361000
2018,Noviembre,Cortés,93587515.89999986,235840
2018,Noviembre,Atlántida,26041184.90999979,65751
2018,Noviembre,Comayagua,17321542.41999997,37528
2018,Noviembre,Olancho,15991798.28999997,32155
2018,Noviembre,Yoro,13811083.69999996,42631
2018,Noviembre,Colón,12476710.58999998,29170
2018,Noviembre,Choluteca,9684210.060000002,23587
2018,Noviembre,Copán,8419486.81,20628
2018,Noviembre,Santa Bárbara,6434796.650000001,18995
2018,Noviembre,El Paraíso,5226713.040000001,12213
2018,Noviembre,Valle,5212255.11,11820
2018,Noviembre,Islas de la Bahía,4708450.149999999,6750
2018,Noviembre,Intibucá,1839003.72,3354
2018,Noviembre,La Paz,1559886.46,4347
2018,Noviembre,Lempira,1200712.25,2802
2018,Noviembre,Ocotepeque,797885.9599999996,1416
2018,Noviembre,Gracias a Dios,645624.7899999999,2189
2018,Diciembre,Francisco Morazán,184507684.590002,390293
2018,Diciembre,Cortés,100935656.8000005,253552
2018,Diciembre,Atlántida,30072254.14999976,77153
2018,Diciembre,Comayagua,18802820.85999994,41707
2018,Diciembre,Olancho,16384140.68999996,34893
2018,Diciembre,Yoro,15342249.63999995,46869
2018,Diciembre,Colón,13831703.89999997,33057
2018,Diciembre,Choluteca,10414123.43,25579
2018,Diciembre,Copán,8905494.149999997,23058
2018,Diciembre,Santa Bárbara,7238707.480000009,21283
2018,Diciembre,Valle,5578804.019999998,12766
2018,Diciembre,El Paraíso,5352492.420000003,12633
2018,Diciembre,Islas de la Bahía,4904181.900000004,7109
2018,Diciembre,Intibucá,1954612.36,3667
2018,Diciembre,La Paz,1617453.15,4668
2018,Diciembre,Lempira,1105260.21,3024
2018,Diciembre,Ocotepeque,756467.04,1403
2018,Diciembre,Gracias a Dios,741872.4400000001,2545
2019,Enero,Francisco Morazán,168659698.6800009,351494
2019,Enero,Cortés,91369972.69999842,233595
2019,Enero,Atlántida,25369640.86999975,67393
2019,Enero,Comayagua,16344737.41999997,36655
2019,Enero,Olancho,14517914.88,30978
2019,Enero,Yoro,13188981.96999999,42655
2019,Enero,Colón,11920584.37000001,29197
2019,Enero,Choluteca,9500749.530000005,23633
2019,Enero,Copán,7904475.750000007,19875
2019,Enero,Santa Bárbara,6024171.740000011,18615
2019,Enero,Islas de la Bahía,5441361.389999997,6834
2019,Enero,Valle,5126563.840000005,11975
2019,Enero,El Paraíso,5079600.770000003,11820
2019,Enero,Intibucá,1791170.77,3217
2019,Enero,La Paz,1479356.560000001,4290
2019,Enero,Lempira,1025970.18,2797
2019,Enero,Ocotepeque,676930.3499999999,1230
2019,Enero,Gracias a Dios,603721.5900000001,2153
2019,Febrero,Francisco Morazán,168479099.3300018,352322
2019,Febrero,Cortés,86851103.30000018,224813
2019,Febrero,Atlántida,24670521.40999987,65324
2019,Febrero,Comayagua,15693492.07999998,35431
2019,Febrero,Olancho,14721718.87999997,30629
2019,Febrero,Yoro,12578674.19999995,40557
2019,Febrero,Colón,11873307.13999998,28917
2019,Febrero,Choluteca,8922857.09,22427
2019,Febrero,Copán,7555276.999999996,19523
2019,Febrero,Santa Bárbara,5985679.969999999,18447
2019,Febrero,Valle,4865642.73,11213
2019,Febrero,El Paraíso,4629367.18,11045
2019,Febrero,Islas de la Bahía,4404859.399999996,6128
2019,Febrero,Intibucá,1798416.08,3157
2019,Febrero,La Paz,1301667.1,3845
2019,Febrero,Lempira,995861.3900000001,2769
2019,Febrero,Ocotepeque,620546.6699999999,1202
2019,Febrero,Gracias a Dios,609241.8,2208
2019,Marzo,Francisco Morazán,188667223.6100055,377657
2019,Marzo,Cortés,99605249.43000019,241057
2019,Marzo,Atlántida,28916020.69999982,73989
2019,Marzo,Comayagua,18513665.25999996,38765
2019,Marzo,Olancho,17384585.38999998,33380
2019,Marzo,Yoro,14636995.29999992,44538
2019,Marzo,Colón,14289467.80999997,31398
2019,Marzo,Choluteca,10810203.54999999,25464
2019,Marzo,Copán,9146606.689999994,21804
2019,Marzo,Santa Bárbara,6861475.239999999,20143
2019,Marzo,Valle,5597439.349999997,12012
2019,Marzo,El Paraíso,5264962.939999997,12034
2019,Marzo,Islas de la Bahía,4591755.239999997,6240
2019,Marzo,Intibucá,1967759.3,3439
2019,Marzo,La Paz,1592432.19,4276
2019,Marzo,Lempira,1209306.16,3001
2019,Marzo,Ocotepeque,754774.58,1311
2019,Marzo,Gracias a Dios,685440.2499999999,2394
2019,Abril,Francisco Morazán,199834828.1900014,397663
2019,Abril,Cortés,105581109.6400013,253565
2019,Abril,Atlántida,29909271.93999976,75022
2019,Abril,Comayagua,20417817.77999993,42414
2019,Abril,Olancho,19198562.10999997,35856
2019,Abril,Yoro,16278488.76999993,48781
2019,Abril,Colón,15512397.82999996,32939
2019,Abril,Choluteca,12196485.10999998,28037
2019,Abril,Copán,10817573.41999999,25215
2019,Abril,Santa Bárbara,7782517.119999998,22060
2019,Abril,Valle,6513401.569999997,13217
2019,Abril,El Paraíso,6134847.540000005,13621
2019,Abril,Islas de la Bahía,4713211.470000003,6374
2019,Abril,Intibucá,2052356.65,3736
2019,Abril,La Paz,1742919.91,4860
2019,Abril,Lempira,1331562.74,3293
2019,Abril,Ocotepeque,954454.7399999999,1533
2019,Abril,Gracias a Dios,646085.46,2322
2019,Mayo,Francisco Morazán,221275800.499999,428614
2019,Mayo,Cortés,107212458.4200001,262594
2019,Mayo,Atlántida,30036449.57999979,74755
2019,Mayo,Comayagua,20923573.09999997,44325
2019,Mayo,Olancho,19705550.50999996,36935
2019,Mayo,Yoro,16521139.49999992,49588
2019,Mayo,Colón,15606391.87999997,33783
2019,Mayo,Choluteca,12375021.03999999,28508
2019,Mayo,Copán,11332807.27999998,26228
2019,Mayo,Santa Bárbara,7946756.789999999,22626
2019,Mayo,Valle,6363084.630000001,13543
2019,Mayo,El Paraíso,6307120.090000005,14309
2019,Mayo,Islas de la Bahía,4571206.750000002,6391
2019,Mayo,Intibucá,2181155.72,4038
2019,Mayo,La Paz,1852685.56,5208
2019,Mayo,Lempira,1486523.53,3554
2019,Mayo,Ocotepeque,921319.1499999999,1599
2019,Mayo,Gracias a Dios,686035.29,2415
2019,Junio,Francisco Morazán,196274973.1900044,383074
2019,Junio,Cortés,93245157.8399864,231255
2019,Junio,Atlántida,26962393.12999985,68469
2019,Junio,Comayagua,18956375.57999992,40562
2019,Junio,Olancho,17323392.80999995,33135
2019,Junio,Yoro,14386855.28999995,44321
2019,Junio,Colón,13710955.78999998,30317
2019,Junio,Choluteca,11019340.25,27574
2019,Junio,Copán,10247408.98,24080
2019,Junio,Santa Bárbara,7011138.739999998,20562
2019,Junio,El Paraíso,5754440.380000003,13422
2019,Junio,Valle,5403555.51,12124
2019,Junio,Islas de la Bahía,4130860.65,5929
2019,Junio,Intibucá,1809959.73,3339
2019,Junio,La Paz,1618645.61,4567
2019,Junio,Lempira,1411904.28,3303
2019,Junio,Ocotepeque,878994.25,1377
2019,Junio,Gracias a Dios,604922.3899999999,2159
2019,Julio,Francisco Morazán,237109612.480007,434216
2019,Julio,Cortés,112067249.8099805,263412
2019,Julio,Atlántida,32681096.03999976,78920
2019,Julio,Comayagua,20547286.1399999,40694
2019,Julio,Olancho,20511290.17999996,34162
2019,Julio,Yoro,16586061.33999992,47455
2019,Julio,Colón,15556049.70999998,31151
2019,Julio,Copán,12630267.8,25888
2019,Julio,Choluteca,12419495.68999999,28176
2019,Julio,Santa Bárbara,8326463.649999997,22498
2019,Julio,El Paraíso,6916871.950000009,14323
2019,Julio,Valle,6811372.120000003,13657
2019,Julio,Islas de la Bahía,4872462.939999998,6543
2019,Julio,Intibucá,2229527.68,3885
2019,Julio,La Paz,1942879.51,5183
2019,Julio,Lempira,1693819.78,3794
2019,Julio,Ocotepeque,1004967.35,1640
2019,Julio,Gracias a Dios,733669.7899999999,2465
2019,Agosto,Francisco Morazán,224492887.0000028,434065
2019,Agosto,Cortés,106339519.5199769,261181
2019,Agosto,Atlántida,32658951.35999979,80868
2019,Agosto,Comayagua,18875316.26999994,38313
2019,Agosto,Olancho,18815735.37999996,32888
2019,Agosto,Yoro,15584967.22999992,46210
2019,Agosto,Colón,13962481.57999999,27888
2019,Agosto,Copán,11895521.51,25076
2019,Agosto,Choluteca,11403366.72999999,27272
2019,Agosto,Santa Bárbara,8040215.210000004,21704
2019,Agosto,Valle,6346719.519999998,13297
2019,Agosto,El Paraíso,6187258.92,13832
2019,Agosto,Islas de la Bahía,4908804.029999996,6613
2019,Agosto,Intibucá,2250196.760000001,3804
2019,Agosto,La Paz,1867346.42,5164
2019,Agosto,Lempira,1685315.46,3834
2019,Agosto,Ocotepeque,953003.14,1645
2019,Agosto,Gracias a Dios,661398.65,2217
2019,Septiembre,Francisco Morazán,224866800.0600067,439037
2019,Septiembre,Cortés,106354539.8099757,262179
2019,Septiembre,Atlántida,31795181.84999979,82097
2019,Septiembre,Comayagua,19152981.69999994,39163
2019,Septiembre,Olancho,18764133.27999996,32783
2019,Septiembre,Yoro,16297224.74999993,48435
2019,Septiembre,Colón,13623297.82999998,27903
2019,Septiembre,Choluteca,12115777.48999999,28398
2019,Septiembre,Copán,12005829.87,25802
2019,Septiembre,Santa Bárbara,7998457.870000004,22448
2019,Septiembre,El Paraíso,6628940.480000001,14446
2019,Septiembre,Valle,6465742.430000003,13620
2019,Septiembre,Islas de la Bahía,4564709.199999999,6350
2019,Septiembre,Intibucá,2114889.54,3689
2019,Septiembre,La Paz,1883823.65,5191
2019,Septiembre,Lempira,1551468.25,3699
2019,Septiembre,Ocotepeque,913647.0599999999,1623
2019,Septiembre,Gracias a Dios,686088.04,2334
2019,Octubre,Francisco Morazán,243760491.91998848,397589
2019,Octubre,Cortés,102654288.06997262,277146
2019,Octubre,Atlántida,25073742.24999989,73842
2019,Octubre,Comayagua,18161057.73999998,41857
2019,Octubre,Colón,16312764.919999989,40198
2019,Octubre,Ocotepeque,13274759.72000001,23191
2019,Octubre,Yoro,13138815.859999994,55499
2019,Octubre,Olancho,12521390.709999984,35347
2019,Octubre,Copán,12226909.380000006,29219
2019,Octubre,Choluteca,11099354.68999999,29570
2019,Octubre,Valle,8058749.230000011,20116
2019,Octubre,Santa Bárbara,7163852.920000011,20595
2019,Octubre,El Paraíso,5775747.330000001,15333
2019,Octubre,Intibucá,4280734.510000001,8856
2019,Octubre,Islas de la Bahía,2275063.85,5382
2019,Octubre,La Paz,1916912.53,5657
2019,Octubre,Lempira,1862504.46,4815
2019,Octubre,Gracias a Dios,1661302.88,2555
2019,Noviembre,Francisco Morazán,202877115.5200012,305093
2019,Noviembre,Cortés,101917992.33997637,269674
2019,Noviembre,Atlántida,24857784.98999983,68958
2019,Noviembre,Comayagua,18435516.089999955,40342
2019,Noviembre,Colón,15909766.619999982,38599
2019,Noviembre,Ocotepeque,14718075.11999999,24392
2019,Noviembre,Choluteca,12830642.48999997,31055
2019,Noviembre,Yoro,12073407.340000032,46606
2019,Noviembre,Copán,11268413.550000006,25964
2019,Noviembre,Olancho,10255913.060000014,30151
2019,Noviembre,Valle,7432475.610000009,18465
2019,Noviembre,Santa Bárbara,7402549.180000007,17565
2019,Noviembre,El Paraíso,6572796.790000002,15805
2019,Noviembre,Intibucá,4036413.690000002,8468
2019,Noviembre,Gracias a Dios,2977632.870000002,5248
2019,Noviembre,Islas de la Bahía,2137845.32,4765
2019,Noviembre,La Paz,1763242.69,4875
2019,Noviembre,Lempira,1694526.6900000002,4319
2019,Diciembre,Francisco Morazán,217772626.32999998,338970
2019,Diciembre,Cortés,111584090.9899932,297823
2019,Diciembre,Atlántida,27974071.549999885,75602
2019,Diciembre,Comayagua,20114175.14999998,45028
2019,Diciembre,Colón,17526367.199999996,44201
2019,Diciembre,Yoro,15104147.030000031,53692
2019,Diciembre,Ocotepeque,15046360.52999999,27014
2019,Diciembre,Choluteca,14499961.65999997,35165
2019,Diciembre,Copán,12002752.840000015,29737
2019,Diciembre,Olancho,11881832.950000016,34541
2019,Diciembre,Valle,9419110.770000014,23130
2019,Diciembre,El Paraíso,6939575.460000006,17054
2019,Diciembre,Santa Bárbara,6926472.560000006,18308
2019,Diciembre,Intibucá,4813699.940000005,9930
2019,Diciembre,Islas de la Bahía,2182291.59,5271
2019,Diciembre,Gracias a Dios,2019416.29,3480
2019,Diciembre,Lempira,1907252.300000001,5065
2019,Diciembre,La Paz,1793415.31,5242
2020,Enero,Francisco Morazán,189745565.07000613,291723
2020,Enero,Cortés,93501035.13998517,257396
2020,Enero,Atlántida,21077788.51,57769
2020,Enero,Comayagua,16741780.939999992,36846
2020,Enero,Colón,14284324.219999999,36442
2020,Enero,Ocotepeque,13230913.01999999,22749
2020,Enero,Choluteca,11770015.03,29296
2020,Enero,Yoro,10764440.630000014,42382
2020,Enero,Olancho,9875257.590000002,28754
2020,Enero,Copán,9666137.200000005,23296
2020,Enero,Valle,7798337.110000011,19711
2020,Enero,El Paraíso,5751889.980000004,13902
2020,Enero,Santa Bárbara,5348960.080000006,14032
2020,Enero,Intibucá,4806940.329999998,8919
2020,Enero,Islas de la Bahía,1668458.27,4177
2020,Enero,Gracias a Dios,1600602.17,1919
2020,Enero,Lempira,1488710.9900000012,3933
2020,Enero,La Paz,1344323.7600000002,3780
2020,Febrero,Francisco Morazán,189633485.08000118,298661
2020,Febrero,Cortés,91157531.93998468,256328
2020,Febrero,Atlántida,22414623.249999918,60867
2020,Febrero,Comayagua,18571597.549999993,40953
2020,Febrero,Colón,15812032.580000002,38801
2020,Febrero,Ocotepeque,15364441.22,25314
2020,Febrero,Choluteca,12156046.93000002,30474
2020,Febrero,Yoro,11994163.23000003,45490
2020,Febrero,Olancho,11105899.120000012,30894
2020,Febrero,Copán,10736737.30000001,25574
2020,Febrero,Valle,8193688.760000014,20262
2020,Febrero,El Paraíso,6562415.620000006,15982
2020,Febrero,Santa Bárbara,6339139.0400000075,15738
2020,Febrero,Intibucá,4385910.130000001,8688
2020,Febrero,Lempira,1922504.6899999997,4812
2020,Febrero,Islas de la Bahía,1904215.350000001,4782
2020,Febrero,Gracias a Dios,1604416.94,2006
2020,Febrero,La Paz,1507492.69,4265
2020,Marzo,Francisco Morazán,149491849.22000003,317994
2020,Marzo,Cortés,81860970.83999,225602
2020,Marzo,Atlántida,20767682.96999988,59074
2020,Marzo,Comayagua,16707821.130000003,38803
2020,Marzo,Colón,13705565.95,36405
2020,Marzo,Ocotepeque,13563489.079999989,23636
2020,Marzo,Yoro,11893213.990000049,43636
2020,Marzo,Choluteca,11039153.700000003,29039
2020,Marzo,Olancho,10036926.770000014,28948
2020,Marzo,Copán,9696877.54000001,23633
2020,Marzo,Valle,8129375.260000018,20973
2020,Marzo,El Paraíso,6367843.620000006,15451
2020,Marzo,Santa Bárbara,6297378.510000005,16030
2020,Marzo,Intibucá,3380045.860000001,7475
2020,Marzo,Islas de la Bahía,2113123.450000002,5028
2020,Marzo,Lempira,1649473.97,4035
2020,Marzo,La Paz,1422530.6199999999,4030
2020,Marzo,Gracias a Dios,1171988.12,1669
2020,Abril,Francisco Morazán,146388223.56000003,312608
2020,Abril,Cortés,70776569.57998581,216400
2020,Abril,Atlántida,17517831.929999944,52777
2020,Abril,Comayagua,13475926.270000001,30669
2020,Abril,Ocotepeque,13224505.34,21869
2020,Abril,Colón,11872029.139999997,29303
2020,Abril,Choluteca,9155691.200000009,24356
2020,Abril,Yoro,8783402.84000001,32746
2020,Abril,Olancho,8368898.080000006,23299
2020,Abril,Copán,7834910.500000005,18098
2020,Abril,Valle,7682225.6100000115,18961
2020,Abril,El Paraíso,5428305.870000003,12919
2020,Abril,Santa Bárbara,4971555.7700000005,12309
2020,Abril,Intibucá,2480215.9300000006,6003
2020,Abril,Islas de la Bahía,1590924.24,3780
2020,Abril,Lempira,1506637.72,3367
2020,Abril,La Paz,1108820.59,3248
2020,Abril,Gracias a Dios,659611.23,1020
2020,Mayo,Francisco Morazán,191105682.85999614,369522
2020,Mayo,Cortés,79535171.76998374,226966
2020,Mayo,Atlántida,22424523.06999994,59655
2020,Mayo,Comayagua,17940531.38999999,35717
2020,Mayo,Ocotepeque,17695844.659999978,24857
2020,Mayo,Colón,15926226.129999978,31673
2020,Mayo,Choluteca,11835213.800000008,26963
2020,Mayo,Copán,10776664.860000005,21217
2020,Mayo,Olancho,9989561.809999999,24640
2020,Mayo,Valle,9735173.640000006,21047
2020,Mayo,Yoro,9475994.33000001,32545
2020,Mayo,El Paraíso,7121230.890000001,14735
2020,Mayo,Santa Bárbara,5765858.430000003,13292
2020,Mayo,Intibucá,2792475.120000001,6116
2020,Mayo,Lempira,1959813.2699999996,4063
2020,Mayo,Islas de la Bahía,1726364.11,4108
2020,Mayo,La Paz,1441867.5799999998,3658
2020,Mayo,Gracias a Dios,627127.1000000001,864
2020,Junio,Francisco Morazán,227324265.08001572,389049
2020,Junio,Cortés,99151768.49997988,250378
2020,Junio,Atlántida,25572375.799999926,61914
2020,Junio,Comayagua,22057990.269999992,38718
2020,Junio,Ocotepeque,20500806.119999975,25744
2020,Junio,Colón,18363832.910000004,32868
2020,Junio,Choluteca,14036413.980000006,29069
2020,Junio,Copán,12818986.000000007,22480
2020,Junio,Valle,11020536.420000013,21749
2020,Junio,Olancho,10875874.810000004,25033
2020,Junio,Yoro,10532238.600000013,33895
2020,Junio,El Paraíso,8228518.220000002,15583
2020,Junio,Santa Bárbara,6193460.7,13363
2020,Junio,Intibucá,3246187.1700000004,6447
2020,Junio,Lempira,2257722.1599999997,4536
2020,Junio,Islas de la Bahía,1823617.6300000001,4094
2020,Junio,La Paz,1726653.3200000003,3827
2020,Junio,Gracias a Dios,827683.88,970
2020,Julio,Francisco Morazán,241877115.97001132,397928
2020,Julio,Cortés,107162613.75997595,266342
2020,Julio,Atlántida,27296184.27999987,64404
2020,Julio,Comayagua,23461160.239999983,40337
2020,Julio,Ocotepeque,20670479.019999973,26414
2020,Julio,Colón,18430819.899999987,32263
2020,Julio,Choluteca,14497422.59000001,29668
2020,Julio,Copán,12890542.01000001,21258
2020,Julio,Valle,11604250.48000002,23043
2020,Julio,Olancho,10703261.71000001,23704
2020,Julio,Yoro,10558457.39000001,33798
2020,Julio,El Paraíso,8365742.860000003,15532
2020,Julio,Santa Bárbara,5581234.740000003,12059
2020,Julio,Intibucá,3133156.8600000013,6090
2020,Julio,Islas de la Bahía,2086749.0499999998,4564
2020,Julio,Lempira,1879811.3900000001,3907
2020,Julio,La Paz,1473070.7199999997,3043
2020,Julio,Gracias a Dios,942408.9400000001,1052
2020,Agosto,Francisco Morazán,246102093.46001008,409368
2020,Agosto,Cortés,106895838.29997762,263824
2020,Agosto,Atlántida,27094907.64999996,64201
2020,Agosto,Comayagua,23171613.249999993,40169
2020,Agosto,Ocotepeque,21757048.789999988,26988
2020,Agosto,Colón,18472272.88999998,32552
2020,Agosto,Choluteca,14602095.519999998,28803
2020,Agosto,Copán,12497816.12000001,20403
2020,Agosto,Valle,11439488.340000005,21816
2020,Agosto,Olancho,10914687.260000004,23033
2020,Agosto,Yoro,10509476.190000014,33433
2020,Agosto,El Paraíso,7887902.930000002,14649
2020,Agosto,Santa Bárbara,5337475.850000001,11428
2020,Agosto,Intibucá,3013778.3100000005,5744
2020,Agosto,Islas de la Bahía,1949322.590000001,4380
2020,Agosto,Lempira,1697778.1900000002,3470
2020,Agosto,La Paz,1272416.2499999998,2480
2020,Agosto,Gracias a Dios,980455.1399999999,1072
2020,Septiembre,Francisco Morazán,250932654.1500145,422133
2020,Septiembre,Cortés,116512718.28997856,280703
2020,Septiembre,Atlántida,27998561.099999804,65655
2020,Septiembre,Comayagua,24460004.49999998,42359
2020,Septiembre,Ocotepeque,21208425.52999995,27029
2020,Septiembre,Colón,18797243.109999977,32927
2020,Septiembre,Choluteca,15348255.739999985,28926
2020,Septiembre,Copán,12866807.240000015,21762
2020,Septiembre,Yoro,11227215.99000002,34566
2020,Septiembre,Valle,11171605.950000018,22123
2020,Septiembre,Olancho,11067321.04000001,23986
2020,Septiembre,El Paraíso,8117749.140000001,15046
2020,Septiembre,Santa Bárbara,5355387.240000002,11135
2020,Septiembre,Intibucá,3034852.5499999993,5933
2020,Septiembre,Islas de la Bahía,2191888.1399999997,4595
2020,Septiembre,Lempira,1642549.8599999999,3429
2020,Septiembre,La Paz,1346207.2899999996,2483
2020,Septiembre,Gracias a Dios,1112571.99,1137
2020,Octubre,Francisco Morazán,253291780.81,417099
2020,Octubre,Cortés,113390730.59997399,269027
2020,Octubre,Atlántida,28575504.430000007,66124
2020,Octubre,Comayagua,25795964.859999985,43341
2020,Octubre,Ocotepeque,21111028.389999982,27108
2020,Octubre,Colón,19664855.279999986,34539
2020,Octubre,Choluteca,16215187.82999999,29590
2020,Octubre,Copán,13415524.440000001,22393
2020,Octubre,Yoro,12081618.560000017,36070
2020,Octubre,Valle,11737847.940000013,22601
2020,Octubre,Olancho,11570335.450000001,24321
2020,Octubre,El Paraíso,8407800.180000002,15585
2020,Octubre,Santa Bárbara,5760698.779999998,11654
2020,Octubre,Intibucá,3003701.939999998,6102
2020,Octubre,Islas de la Bahía,2215956.63,4295
2020,Octubre,Lempira,1743731.8299999998,3529
2020,Octubre,La Paz,1391029.71,2558
2020,Octubre,Gracias a Dios,1025853.33,1138
2020,Noviembre,Francisco Morazán,238479757.35002437,421182
2020,Noviembre,Cortés,118622988.97997501,306784
2020,Noviembre,Atlántida,27928944.9199998,69334
2020,Noviembre,Comayagua,24334072.149999958,45474
2020,Noviembre,Ocotepeque,18859254.38999997,26112
2020,Noviembre,Colón,18313467.629999995,36172
2020,Noviembre,Choluteca,16142991.20999993,31644
2020,Noviembre,Yoro,14589699.150000038,45304
2020,Noviembre,Copán,11966007.250000002,22319
2020,Noviembre,Olancho,11103504.340000007,26062
2020,Noviembre,Valle,10626954.23000002,22591
2020,Noviembre,El Paraíso,8538718.500000006,16491
2020,Noviembre,Santa Bárbara,5526834.640000006,12297
2020,Noviembre,Intibucá,2848994.580000002,6186
2020,Noviembre,Islas de la Bahía,2270133.2399999998,4648
2020,Noviembre,Lempira,1661990.03,3507
2020,Noviembre,La Paz,1314459.2799999998,2543
2020,Noviembre,Gracias a Dios,995706.5499999998,1160
2020,Diciembre,Francisco Morazán,267040461.09999987,450791
2020,Diciembre,Cortés,128661913.69997726,312010
2020,Diciembre,Atlántida,32678816.070000082,77376
2020,Diciembre,Comayagua,26768224.729999986,49598
2020,Diciembre,Colón,20772021.319999997,40962
2020,Diciembre,Ocotepeque,19374594.440000024,29476
2020,Diciembre,Choluteca,18779648.39999997,35792
2020,Diciembre,Yoro,16288198.040000036,47460
2020,Diciembre,Copán,13528459.979999997,26239
2020,Diciembre,Olancho,12972323.03,29696
2020,Diciembre,Valle,12691244.070000017,25994
2020,Diciembre,El Paraíso,9062462.219999999,17964
2020,Diciembre,Santa Bárbara,6714602.810000003,14605
2020,Diciembre,Intibucá,3592595.92,7501
2020,Diciembre,Islas de la Bahía,2517553.519999998,5444
2020,Diciembre,Lempira,1796488.4499999997,4077
2020,Diciembre,Gracias a Dios,1272986.95,1555
2020,Diciembre,La Paz,1019534.2,1844
2021,Enero,Francisco Morazán,217076926.20000383,389819
2021,Enero,Cortés,96923906.0799804,244101
2021,Enero,Atlántida,26062207.609999917,63104
2021,Enero,Comayagua,21328085.869999968,39598
2021,Enero,Colón,16861379.299999982,32967
2021,Enero,Ocotepeque,16785801.97999999,24119
2021,Enero,Choluteca,14710642.53999998,28689
2021,Enero,Yoro,11920037.79000002,37595
2021,Enero,Copán,10352406.280000005,20374
2021,Enero,Olancho,10115903.58000001,23740
2021,Enero,Valle,9842679.860000016,20869
2021,Enero,El Paraíso,6846422.450000003,14036
2021,Enero,Santa Bárbara,5193316.500000004,11559
2021,Enero,Intibucá,2999777.71,6056
2021,Enero,Islas de la Bahía,2110454.660000001,4485
2021,Enero,Lempira,1277850.7,3048
2021,Enero,Gracias a Dios,997502.2599999999,1145
2021,Enero,La Paz,746396.8599999999,1254
2021,Febrero,Francisco Morazán,218011584.29000276,376385
2021,Febrero,Cortés,98791859.0899842,244969
2021,Febrero,Atlántida,26185496.289999835,63437
2021,Febrero,Comayagua,20512885.919999987,39261
2021,Febrero,Colón,16556799.850000001,33193
2021,Febrero,Ocotepeque,16405154.580000002,23962
2021,Febrero,Choluteca,15342126.439999977,28818
2021,Febrero,Yoro,12285889.360000033,37854
2021,Febrero,Olancho,10524335.410000017,24443
2021,Febrero,Copán,10261998.830000008,20011
2021,Febrero,Valle,9993788.820000019,21324
2021,Febrero,El Paraíso,7236105.6700000055,14546
2021,Febrero,Santa Bárbara,5316671.080000003,11442
2021,Febrero,Intibucá,3060757.4100000006,6074
2021,Febrero,Islas de la Bahía,2199596,4547
2021,Febrero,Lempira,1241923.52,2921
2021,Febrero,La Paz,925509.1700000002,2048
2021,Febrero,Gracias a Dios,920139.47,1069
2021,Marzo,Francisco Morazán,289500472.56,422190
2021,Marzo,Cortés,134206156.43997423,299265
2021,Marzo,Atlántida,36000600.619999945,75249
2021,Marzo,Comayagua,27551005.089999948,47501
2021,Marzo,Colón,22942070.99999998,40333
2021,Marzo,Ocotepeque,22144747.64999997,29144
2021,Marzo,Choluteca,19849744.87999996,34691
2021,Marzo,Yoro,17113568.830000035,45575
2021,Marzo,Olancho,14291827.020000003,29452
2021,Marzo,Copán,13704013.16,24368
2021,Marzo,Valle,13693033.660000015,25868
2021,Marzo,El Paraíso,9609960.269999996,17847
2021,Marzo,Santa Bárbara,7061520.750000006,13898
2021,Marzo,Intibucá,3905932.14,7092
2021,Marzo,Islas de la Bahía,3032533.950000001,5517
2021,Marzo,Lempira,1692444.09,3752
2021,Marzo,La Paz,1211258.34,2569
2021,Marzo,Gracias a Dios,1122079.67,1331
2021,Abril,Francisco Morazán,277552705.5000324,433809
2021,Abril,Cortés,125311232.15997984,288409
2021,Abril,Atlántida,33343343.340000078,72989
2021,Abril,Comayagua,26834366.53000001,46571
2021,Abril,Colón,21971907.95999999,39778
2021,Abril,Ocotepeque,21090588.09999999,28434
2021,Abril,Choluteca,17820106.92999997,33298
2021,Abril,Yoro,16242318.620000003,45055
2021,Abril,Copán,13926195.37,24475
2021,Abril,Olancho,13341535.479999993,28343
2021,Abril,Valle,13059240.019999998,25140
2021,Abril,El Paraíso,9148174.609999998,17356
2021,Abril,Santa Bárbara,6185718.030000003,12435
2021,Abril,Intibucá,3871755.579999998,6982
2021,Abril,Islas de la Bahía,2604381.440000002,5188
2021,Abril,Lempira,1800702.9000000004,3865
2021,Abril,La Paz,1263175.73,2648
2021,Abril,Gracias a Dios,1118151.88,1245
2021,Mayo,Francisco Morazán,307841911.25,476823
2021,Mayo,Cortés,133552667.26997747,307742
2021,Mayo,Atlántida,36987527.87999985,78773
2021,Mayo,Comayagua,30570547.839999925,51610
2021,Mayo,Colón,24998014.429999944,44063
2021,Mayo,Ocotepeque,23776924.489999942,31426
2021,Mayo,Choluteca,19923944.659999885,36635
2021,Mayo,Yoro,18635423.55000002,48822
2021,Mayo,Copán,15901241.949999973,26694
2021,Mayo,Valle,14767714.819999997,28011
2021,Mayo,Olancho,14258913.829999996,28975
2021,Mayo,El Paraíso,10630336.459999999,19536
2021,Mayo,Santa Bárbara,7107583.020000004,14395
2021,Mayo,Intibucá,4191607.5899999994,7910
2021,Mayo,Islas de la Bahía,2777298.960000001,5468
2021,Mayo,Lempira,2141684.570000001,4576
2021,Mayo,La Paz,1537366.35,2979
2021,Mayo,Gracias a Dios,1209032.7,1410
2021,Junio,Francisco Morazán,270007457.51998836,411840
2021,Junio,Cortés,142399529.56998387,286311
2021,Junio,Atlántida,33173629.440000165,72777
2021,Junio,Comayagua,27805581.51999998,47485
2021,Junio,Colón,22685558.789999977,40358
2021,Junio,Ocotepeque,22117173.719999988,29633
2021,Junio,Choluteca,17323838.929999966,33696
2021,Junio,Yoro,16595367.180000022,45198
2021,Junio,Copán,14284119.07999998,24653
2021,Junio,Olancho,13300859.789999986,27823
2021,Junio,Valle,12435427.819999993,24969
2021,Junio,El Paraíso,9528632.729999995,18159
2021,Junio,Santa Bárbara,6285556.759999998,12737
2021,Junio,Intibucá,4126998.969999997,7298
2021,Junio,Islas de la Bahía,2538057.160000001,5185
2021,Junio,Lempira,1984655.0999999999,4148
2021,Junio,La Paz,1395040.34,2653
2021,Junio,Gracias a Dios,1231528.01,1276
2021,Julio,Francisco Morazán,278005158.6500035,375640
2021,Julio,Cortés,132637339.44998442,286917
2021,Julio,Atlántida,33293955.489999805,73956
2021,Julio,Comayagua,28013325.65999993,48697
2021,Julio,Colón,22719616.129999958,41292
2021,Julio,Ocotepeque,22188650.519999914,30789
2021,Julio,Choluteca,18208083.66999992,34990
2021,Julio,Yoro,16374990.63000004,45306
2021,Julio,Copán,14864521.190000005,25525
2021,Julio,Olancho,13479602.21,28609
2021,Julio,Valle,12581762.430000007,25960
2021,Julio,El Paraíso,9688256.670000002,18625
2021,Julio,Santa Bárbara,6257241.300000002,13062
2021,Julio,Intibucá,4240944.26,7626
2021,Julio,Islas de la Bahía,2592669.110000001,5195
2021,Julio,Lempira,1920741.9500000011,4237
2021,Julio,La Paz,1500122.65,2932
2021,Julio,Gracias a Dios,1184026.7,1357
2021,Agosto,Francisco Morazán,292179547.93000853,398904
2021,Agosto,Cortés,138647341.2299824,292540
2021,Agosto,Atlántida,35463185.88999964,77732
2021,Agosto,Comayagua,29536600.529999845,51274
2021,Agosto,Colón,24430256.76999993,44676
2021,Agosto,Ocotepeque,22720174.95999991,31850
2021,Agosto,Choluteca,19202437.54999986,36744
2021,Agosto,Yoro,18594867.720000073,49610
2021,Agosto,Copán,16000761.060000012,27667
2021,Agosto,Olancho,14515350.330000008,31002
2021,Agosto,Valle,13855875.960000018,27815
2021,Agosto,El Paraíso,10394778.410000013,20090
2021,Agosto,Santa Bárbara,6460362.890000008,14227
2021,Agosto,Intibucá,4399701.200000004,7924
2021,Agosto,Islas de la Bahía,2925331.280000005,5734
2021,Agosto,Lempira,1977913.030000001,4353
2021,Agosto,La Paz,1635789.6099999994,3125
2021,Agosto,Gracias a Dios,1149616.77,1273
2021,Septiembre,Francisco Morazán,263805662.40000734,394347
2021,Septiembre,Cortés,144497811.9499837,284991
2021,Septiembre,Atlántida,33877106.65000034,76766
2021,Septiembre,Comayagua,29048408.12000002,51586
2021,Septiembre,Colón,23295028.82000007,44042
2021,Septiembre,Ocotepeque,23247837.28000012,33039
2021,Septiembre,Choluteca,18327726.67000002,36507
2021,Septiembre,Yoro,18196996.97000006,49940
2021,Septiembre,Copán,16342727.850000018,28866
2021,Septiembre,Olancho,14336002.099999992,31248
2021,Septiembre,Valle,13387792.18,28015
2021,Septiembre,El Paraíso,10327138.879999997,20525
2021,Septiembre,Santa Bárbara,6723576.030000005,14388
2021,Septiembre,Intibucá,4142787.4600000014,7882
2021,Septiembre,Islas de la Bahía,2787641.420000003,5721
2021,Septiembre,Lempira,2152075.87,4732
2021,Septiembre,La Paz,1713427.7899999998,3347
2021,Septiembre,Gracias a Dios,1162014.01,1316
2021,Octubre,Francisco Morazán,261644164.59999663,393892
2021,Octubre,Cortés,136241619.34998903,256283
2021,Octubre,Atlántida,34298831.910000265,77144
2021,Octubre,Comayagua,30025637.790000062,51978
2021,Octubre,Ocotepeque,24485771.480000127,33973
2021,Octubre,Colón,24321788.260000065,44732
2021,Octubre,Yoro,19407588.06000009,50997
2021,Octubre,Choluteca,18905148.83000007,37231
2021,Octubre,Copán,17316451.980000023,30020
2021,Octubre,Olancho,15065546.010000007,31476
2021,Octubre,Valle,14017720.960000014,28239
2021,Octubre,El Paraíso,10915167.830000004,21145
2021,Octubre,Santa Bárbara,7458424.610000003,15275
2021,Octubre,Intibucá,4309793.62,8240
2021,Octubre,Islas de la Bahía,3117400.1200000052,6043
2021,Octubre,Lempira,2380099.8400000012,4902
2021,Octubre,La Paz,1974828.6099999996,3558
2021,Octubre,Gracias a Dios,1147364.28,1255
2021,Noviembre,Francisco Morazán,275864353.35999995,404498
2021,Noviembre,Cortés,142695123.6399934,265045
2021,Noviembre,Atlántida,36010334.790000066,79294
2021,Noviembre,Comayagua,31702693.259999916,54356
2021,Noviembre,Ocotepeque,24959507.410000008,34884
2021,Noviembre,Colón,24732681.489999957,46315
2021,Noviembre,Yoro,20973957.580000117,52667
2021,Noviembre,Choluteca,19720960.50999988,38453
2021,Noviembre,Copán,18054016.789999984,30822
2021,Noviembre,Olancho,15493372.48,32669
2021,Noviembre,Valle,14724077.070000004,29139
2021,Noviembre,El Paraíso,11293579.220000004,21594
2021,Noviembre,Santa Bárbara,8019576.080000006,16217
2021,Noviembre,Intibucá,4915014.390000003,8687
2021,Noviembre,Islas de la Bahía,3420621.780000006,6390
2021,Noviembre,Lempira,2676729.5800000005,5045
2021,Noviembre,La Paz,1926097.6899999995,3761
2021,Noviembre,Gracias a Dios,1270380.02,1346
2021,Diciembre,Francisco Morazán,286564320.3800048,436997
2021,Diciembre,Cortés,151822137.1599879,285856
2021,Diciembre,Atlántida,41060566.63000084,89499
2021,Diciembre,Comayagua,34338551.460000075,61311
2021,Diciembre,Colón,27166422.77000008,52091
2021,Diciembre,Ocotepeque,25896410.300000228,39185
2021,Diciembre,Yoro,23353030.8600001,57729
2021,Diciembre,Choluteca,21586503.09000011,42498
2021,Diciembre,Copán,19214759.580000002,35011
2021,Diciembre,Olancho,16637726.18999997,35793
2021,Diciembre,Valle,16606052.96999998,32557
2021,Diciembre,El Paraíso,11986176.790000001,23317
2021,Diciembre,Santa Bárbara,9332561.180000003,18921
2021,Diciembre,Intibucá,5336359.849999999,9594
2021,Diciembre,Islas de la Bahía,3505152.01000001,6884
2021,Diciembre,Lempira,2550719.2699999996,5446
2021,Diciembre,La Paz,1951078.1300000004,3987
2021,Diciembre,Gracias a Dios,1295385.36,1501
2022,Enero,Francisco Morazán,253655875.520001,401243
2022,Enero,Cortés,123556880.82999428,230092
2022,Enero,Atlántida,31659544.489999723,72358
2022,Enero,Comayagua,26902457.7999999,48621
2022,Enero,Ocotepeque,21998215.839999918,32419
2022,Enero,Colón,21657818.619999945,43032
2022,Enero,Choluteca,17631383.70999991,35474
2022,Enero,Yoro,17592392.57000009,47748
2022,Enero,Copán,15103228.850000013,27476
2022,Enero,Olancho,13270639.230000008,29200
2022,Enero,Valle,12868611.610000016,27081
2022,Enero,El Paraíso,10289558.800000006,20089
2022,Enero,Santa Bárbara,7270088.3700000085,15081
2022,Enero,Intibucá,4387156.350000002,7759
2022,Enero,Islas de la Bahía,2968990.0300000054,5541
2022,Enero,Lempira,2056038.78,4382
2022,Enero,La Paz,1506399.4999999995,3361
2022,Enero,Gracias a Dios,1043964.71,1201
2022,Febrero,Francisco Morazán,267159232.06999934,422812
2022,Febrero,Cortés,125733960.48999667,234694
2022,Febrero,Atlántida,33251646.46999963,74345
2022,Febrero,Comayagua,27802156.359999873,50597
2022,Febrero,Colón,23066360.559999928,46276
2022,Febrero,Ocotepeque,22628826.059999898,33801
2022,Febrero,Yoro,18359468.22000009,48468
2022,Febrero,Choluteca,18212023.799999874,36461
2022,Febrero,Copán,15329319.070000002,28153
2022,Febrero,Olancho,13590010.900000004,29693
2022,Febrero,Valle,13416796.79000002,27655
2022,Febrero,El Paraíso,10846847.780000003,20840
2022,Febrero,Santa Bárbara,7378236.190000007,15100
2022,Febrero,Intibucá,5938959.840000003,7975
2022,Febrero,Islas de la Bahía,2921194.170000006,5665
2022,Febrero,Lempira,2105077.28,4377
2022,Febrero,La Paz,1651548.6600000001,3522
2022,Febrero,Gracias a Dios,1085656.99,1174
2022,Marzo,Francisco Morazán,326627437.75,465955
2022,Marzo,Cortés,153028395.17999017,261039
2022,Marzo,Atlántida,39838821.770000435,82176
2022,Marzo,Comayagua,33014265.130000096,55976
2022,Marzo,Ocotepeque,28303905.700000226,38122
2022,Marzo,Colón,28054952.63000012,50039
2022,Marzo,Choluteca,21604067.43000016,40042
2022,Marzo,Yoro,21518869.870000083,53254
2022,Marzo,Copán,18997992.93000002,32143
2022,Marzo,Olancho,16794931.940000005,33796
2022,Marzo,Valle,16139251.55000002,30841
2022,Marzo,El Paraíso,13179073.400000006,24137
2022,Marzo,Intibucá,9378059.40999999,8796
2022,Marzo,Santa Bárbara,8957777.880000012,17010
2022,Marzo,Islas de la Bahía,3559517.940000006,6213
2022,Marzo,Lempira,2605163.9999999995,4992
2022,Marzo,La Paz,2061613.3799999992,4112
2022,Marzo,Gracias a Dios,1285740.99,1306
2022,Abril,Francisco Morazán,309917155.14,451485
2022,Abril,Cortés,138976820.05999368,247173
2022,Abril,Atlántida,36826249.70999979,78297
2022,Abril,Comayagua,31537495.729999922,55046
2022,Abril,Ocotepeque,26610156.119999953,37207
2022,Abril,Colón,26115037.840000004,47843
2022,Abril,Yoro,20097337.250000067,51695
2022,Abril,Choluteca,19932632.97999993,38636
2022,Abril,Copán,18233200.36,31671
2022,Abril,Olancho,15730313.260000017,32788
2022,Abril,Valle,15144880.550000027,30440
2022,Abril,El Paraíso,12537475.320000013,23216
2022,Abril,Santa Bárbara,8056668.570000011,15897
2022,Abril,Intibucá,7939139.95,8574
2022,Abril,Islas de la Bahía,3144856.8600000073,5728
2022,Abril,Lempira,2533929.480000001,4840
2022,Abril,La Paz,1996164.9099999997,4066
2022,Abril,Gracias a Dios,1211526.53,1197
2022,Mayo,Francisco Morazán,389126664.6500001,584505
2022,Mayo,Cortés,157320501.06999376,272089
2022,Mayo,Atlántida,37560231.0899999,75739
2022,Mayo,Comayagua,35782498.82999978,60836
2022,Mayo,Colón,29755259.559999853,49935
2022,Mayo,Ocotepeque,29733091.899999786,38166
2022,Mayo,Yoro,24604338.780000076,59380
2022,Mayo,Choluteca,23474340.489999775,43597
2022,Mayo,Copán,20946427.069999956,35237
2022,Mayo,Olancho,17936784.71,35764
2022,Mayo,Valle,17530536.299999982,32487
2022,Mayo,El Paraíso,14599885.220000004,26340
2022,Mayo,Santa Bárbara,9420702.380000012,18433
2022,Mayo,Intibucá,6398890.740000001,9905
2022,Mayo,Islas de la Bahía,3682202.970000007,6900
2022,Mayo,Lempira,3118803.8400000003,6079
2022,Mayo,La Paz,2445293.5999999987,5119
2022,Mayo,Gracias a Dios,1238300.62,1415
2022,Junio,Francisco Morazán,367907075.6,577022
2022,Junio,Cortés,135281819.38999137,222774
2022,Junio,Comayagua,29854332.76999987,48839
2022,Junio,Atlántida,28068579.929999895,49470
2022,Junio,Colón,23887800.5399999,37746
2022,Junio,Ocotepeque,23741224.12999985,26280
2022,Junio,Yoro,21201965.38000006,52441
2022,Junio,Choluteca,19653480.619999874,37074
2022,Junio,Copán,17469918.11,26673
2022,Junio,Olancho,14938811.420000015,27810
2022,Junio,Valle,14472183.570000023,25475
2022,Junio,El Paraíso,12711818.390000012,22379
2022,Junio,Intibucá,11584481.350000003,8956
2022,Junio,Santa Bárbara,8142570.840000007,16142
2022,Junio,Islas de la Bahía,3500114.010000007,6048
2022,Junio,Lempira,2744977.630000001,5243
2022,Junio,La Paz,2206414.31,4486
2022,Junio,Gracias a Dios,1264137.82,1308
2022,Julio,Francisco Morazán,354874668.2300001,577901
2022,Julio,Cortés,130991736.61999239,221808
2022,Julio,Comayagua,28174775.74,47229
2022,Julio,Atlántida,27342416.159999978,49654
2022,Julio,Colón,22782985.94000004,36397
2022,Julio,Ocotepeque,22345664.67000003,26091
2022,Julio,Yoro,20517708.550000075,51581
2022,Julio,Choluteca,19627631.54000001,36803
2022,Julio,Copán,17075548.290000055,26733
2022,Julio,Olancho,14511341.800000023,27413
2022,Julio,Valle,14126678.120000046,25445
2022,Julio,El Paraíso,12469338.010000018,22318
2022,Julio,Santa Bárbara,7773206.6600000085,15673
2022,Julio,Intibucá,7637275.790000003,8705
2022,Julio,Islas de la Bahía,3424824.4300000085,6116
2022,Julio,Lempira,2647486.800000001,5198
2022,Julio,La Paz,2239539.05,4605
2022,Julio,Gracias a Dios,1185554.84,1307
2022,Agosto,Francisco Morazán,423290881.6199999,637071
2022,Agosto,Cortés,151887823.76999143,243489
2022,Agosto,Comayagua,33333268.959999993,52302
2022,Agosto,Atlántida,30499933.86000009,51633
2022,Agosto,Colón,26483211.48999992,39349
2022,Agosto,Ocotepeque,26388496.88999992,27477
2022,Agosto,Yoro,23709926.14000003,56493
2022,Agosto,Choluteca,22400338.31000007,39872
2022,Agosto,Copán,19671684.78999999,28852
2022,Agosto,Olancho,16721001.60999998,29792
2022,Agosto,Valle,16486427.190000005,27812
2022,Agosto,El Paraíso,14252332.570000004,23935
2022,Agosto,Intibucá,10627702.069999997,9562
2022,Agosto,Santa Bárbara,9060626.530000001,17560
2022,Agosto,Islas de la Bahía,3906521.330000009,6736
2022,Agosto,Lempira,3065326.67,5530
2022,Agosto,La Paz,2594054.25,5041
2022,Agosto,Gracias a Dios,1266502.79,1380
2022,Septiembre,Francisco Morazán,376385934.27,615531
2022,Septiembre,Cortés,132669024.44999039,233853
2022,Septiembre,Comayagua,29693848.259999968,51312
2022,Septiembre,Atlántida,27390186.649999928,50698
2022,Septiembre,Ocotepeque,23340676.83999996,26861
2022,Septiembre,Colón,23092446.400000054,37315
2022,Septiembre,Yoro,20794531.38000009,54434
2022,Septiembre,Choluteca,19715020.21999999,38979
2022,Septiembre,Copán,17518945.88000005,27713
2022,Septiembre,Valle,14635921.780000065,26745
2022,Septiembre,Olancho,14598460.880000034,28145
2022,Septiembre,El Paraíso,12820668.230000036,22708
2022,Septiembre,Santa Bárbara,7786080.420000007,16316
2022,Septiembre,Intibucá,7532089.430000003,9032
2022,Septiembre,Islas de la Bahía,3582551.140000008,6315
2022,Septiembre,Lempira,2666341.080000001,5245
2022,Septiembre,La Paz,2303142.87,4791
2022,Septiembre,Gracias a Dios,1213683.06,1290
2022,Octubre,Francisco Morazán,389392909.49999994,585964
2022,Octubre,Cortés,133530470.69999115,237050
2022,Octubre,Yoro,29175110.42000013,68297
2022,Octubre,Comayagua,25176397.82999999,47440
2022,Octubre,Atlántida,23154118.60999995,49754
2022,Octubre,Olancho,19844485.480000053,37537
2022,Octubre,Colón,19562863.860000044,41166
2022,Octubre,Choluteca,16298018.859999888,34644
2022,Octubre,Copán,12579564.570000028,24423
2022,Octubre,El Paraíso,11821007.76000004,22163
2022,Octubre,Valle,11011405.410000052,23551
2022,Octubre,Santa Bárbara,8645962.590000015,17669
2022,Octubre,Ocotepeque,8165877.660000006,13835
2022,Octubre,Intibucá,6264855.3400000045,8867
2022,Octubre,Islas de la Bahía,3216226.8300000066,5836
2022,Octubre,Lempira,3094232.770000001,5939
2022,Octubre,La Paz,2248238.8000000003,5344
2022,Octubre,Gracias a Dios,264240.86,329
2022,Noviembre,Francisco Morazán,395603997.59,607579
2022,Noviembre,Cortés,133084508.10998525,226432
2022,Noviembre,Yoro,29728158.220000133,66445
2022,Noviembre,Comayagua,25065313.490000118,46709
2022,Noviembre,Atlántida,23272283.310000055,47727
2022,Noviembre,Olancho,22029581.02000005,37147
2022,Noviembre,Colón,17341692.00000004,35127
2022,Noviembre,Choluteca,16179497.65000003,34725
2022,Noviembre,Copán,12062624.250000028,23044
2022,Noviembre,El Paraíso,11597080.150000038,20794
2022,Noviembre,Valle,9705253.110000055,20042
2022,Noviembre,Santa Bárbara,8767474.81000001,16977
2022,Noviembre,Intibucá,7345134.610000004,8212
2022,Noviembre,Ocotepeque,4908749.81,8358
2022,Noviembre,Lempira,3416173.780000003,6179
2022,Noviembre,Islas de la Bahía,3324803.1500000055,5979
2022,Noviembre,La Paz,2403208.15,5618
2022,Noviembre,Gracias a Dios,40155.45,146
2022,Diciembre,Francisco Morazán,411602956.08,661345
2022,Diciembre,Cortés,130181855.76998836,235525
2022,Diciembre,Yoro,31854138.880000167,69840
2022,Diciembre,Comayagua,26511620.04000012,50191
2022,Diciembre,Atlántida,25348365.70000007,50536
2022,Diciembre,Olancho,22320380.36000003,38630
2022,Diciembre,Colón,18802977.82000004,35907
2022,Diciembre,Choluteca,18442924.320000026,38208
2022,Diciembre,Copán,12364553.310000028,25422
2022,Diciembre,El Paraíso,11521284.890000036,21256
2022,Diciembre,Valle,10538770.440000052,21256
2022,Diciembre,Santa Bárbara,9224454.610000014,18170
2022,Diciembre,Intibucá,7670980.750000005,8507
2022,Diciembre,Ocotepeque,4591561.039999999,8529
2022,Diciembre,Islas de la Bahía,3696890.350000009,6640
2022,Diciembre,Lempira,3258979.64,6195
2022,Diciembre,La Paz,2427408.6999999993,5733
2022,Diciembre,Gracias a Dios,55019.08,192
2023,Enero,Francisco Morazán,376683875.5799999,595036
2023,Enero,Cortés,117008506.75999343,212920
2023,Enero,Yoro,28065479.310000002,63584
2023,Enero,Comayagua,23973145.190000065,44766
2023,Enero,Atlántida,22610737.21000009,45782
2023,Enero,Olancho,21281930.18000003,35297
2023,Enero,Choluteca,17360521.22000001,35706
2023,Enero,Colón,16853004.270000022,32259
2023,Enero,Copán,11485145.730000012,22467
2023,Enero,El Paraíso,10628226.320000026,19843
2023,Enero,Valle,9291425.550000042,19412
2023,Enero,Santa Bárbara,8595615.300000008,16322
2023,Enero,Intibucá,7004109.310000004,7808
2023,Enero,Ocotepeque,3947536.42,7323
2023,Enero,Islas de la Bahía,3608892.6800000067,6124
2023,Enero,Lempira,3013702.9200000013,5491
2023,Enero,La Paz,2196307,5139
2023,Enero,Gracias a Dios,57048.75999999999,206
2023,Febrero,Francisco Morazán,360003512.94999987,596312
2023,Febrero,Cortés,115962125.39999479,206413
2023,Febrero,Yoro,26730071.040000085,60680
2023,Febrero,Comayagua,23275358.670000076,44182
2023,Febrero,Atlántida,22288477.90000001,44918
2023,Febrero,Olancho,21082448.720000014,34589
2023,Febrero,Colón,16554502.94000003,31102
2023,Febrero,Choluteca,16504865.40999995,34425
2023,Febrero,Copán,11117021.710000021,21629
2023,Febrero,El Paraíso,10003826.830000017,19196
2023,Febrero,Valle,8666599.15000004,18312
2023,Febrero,Santa Bárbara,8146986.440000012,15658
2023,Febrero,Intibucá,6333034.460000003,7363
2023,Febrero,Ocotepeque,3916060.770000001,7119
2023,Febrero,Islas de la Bahía,3636479.700000006,5907
2023,Febrero,Lempira,2861637.710000002,5225
2023,Febrero,La Paz,2133212.819999999,4937
2023,Febrero,Gracias a Dios,74393.81,198
2023,Marzo,Francisco Morazán,431168379.21000004,660541
2023,Marzo,Cortés,129897532.87998997,224270
2023,Marzo,Yoro,30952257.58000009,65719
2023,Marzo,Comayagua,28909052.970000103,51811
2023,Marzo,Atlántida,26388185.700000007,49441
2023,Marzo,Olancho,24920448.240000043,37540
2023,Marzo,Colón,19596534.01000006,34155
2023,Marzo,Choluteca,19238945.21999994,37881
2023,Marzo,Copán,13543178.290000034,24553
2023,Marzo,El Paraíso,12154873.12000006,21927
2023,Marzo,Valle,10516933.450000066,20144
2023,Marzo,Santa Bárbara,9835948.27000002,17500
2023,Marzo,Ocotepeque,4673099.340000002,7922
2023,Marzo,Islas de la Bahía,4403182.1500000125,6682
2023,Marzo,Intibucá,4164724.7900000056,7971
2023,Marzo,Lempira,3652688.170000004,6100
2023,Marzo,La Paz,2547972.91,5664
2023,Marzo,Gracias a Dios,70843.1,236
2023,Abril,Francisco Morazán,387856469.7799999,636283
2023,Abril,Cortés,112113821.65999451,207710
2023,Abril,Yoro,27326434.860000137,60750
2023,Abril,Comayagua,25415467.960000135,45839
2023,Abril,Atlántida,22234035.340000104,45842
2023,Abril,Olancho,21944046.960000057,34547
2023,Abril,Colón,17511301.810000032,31284
2023,Abril,Choluteca,17051110.92000005,35550
2023,Abril,Copán,12314550.780000027,23130
2023,Abril,El Paraíso,10651796.950000042,19820
2023,Abril,Valle,9095737.500000045,18743
2023,Abril,Santa Bárbara,8757438.790000014,15819
2023,Abril,Intibucá,6102642.760000004,7604
2023,Abril,Ocotepeque,4480609.31,7648
2023,Abril,Lempira,3442984.440000002,5784
2023,Abril,Islas de la Bahía,3403127.730000004,5879
2023,Abril,La Paz,2308010.99,5205
2023,Abril,Gracias a Dios,55583.8,206
2023,Mayo,Francisco Morazán,509844634.1000001,751109
2023,Mayo,Cortés,145499818.7699918,244663
2023,Mayo,Yoro,36276745.27000001,71044
2023,Mayo,Comayagua,34413578.68000001,57577
2023,Mayo,Olancho,29694976.769999936,41355
2023,Mayo,Atlántida,29041790.23999992,53508
2023,Mayo,Colón,23129024.49000008,37149
2023,Mayo,Choluteca,22827157.019999832,42050
2023,Mayo,Copán,17093219.250000052,28979
2023,Mayo,El Paraíso,14144316.680000061,24025
2023,Mayo,Valle,11770475.890000075,21600
2023,Mayo,Santa Bárbara,11459102.910000026,19363
2023,Mayo,Intibucá,8135047.9000000125,9245
2023,Mayo,Ocotepeque,5640657.980000003,9202
2023,Mayo,Lempira,4568034.540000007,7040
2023,Mayo,Islas de la Bahía,4290561.940000012,6947
2023,Mayo,La Paz,3089512.2200000007,6561
2023,Mayo,Gracias a Dios,85178.04000000001,253
2023,Junio,Francisco Morazán,452904109.16,695513
2023,Junio,Cortés,123743302.5299928,214819
2023,Junio,Yoro,29464312.610000078,62474
2023,Junio,Comayagua,28624494.840000078,48996
2023,Junio,Atlántida,25278766.550000057,49509
2023,Junio,Olancho,24197700.68000003,36275
2023,Junio,Choluteca,18483348.20999999,36948
2023,Junio,Colón,18254642.380000025,31705
2023,Junio,Copán,13896572.29000002,24636
2023,Junio,El Paraíso,12005904.440000033,21240
2023,Junio,Valle,9745884.350000031,19289
2023,Junio,Santa Bárbara,9522057.980000012,16895
2023,Junio,Intibucá,5730737.100000003,8255
2023,Junio,Ocotepeque,4538166.220000001,7686
2023,Junio,Islas de la Bahía,4046991.6400000034,6436
2023,Junio,Lempira,3988695.030000001,6360
2023,Junio,La Paz,2647020.59,5773
2023,Junio,Gracias a Dios,61294.17000000001,243
2023,Julio,Francisco Morazán,450434876.52,694824
2023,Julio,Cortés,125725432.62999213,222374
2023,Julio,Yoro,30759824.100000132,64555
2023,Julio,Comayagua,29219219.710000057,49834
2023,Julio,Atlántida,25935461.31999995,48296
2023,Julio,Olancho,24833251.650000002,37444
2023,Julio,Choluteca,19905008.2999999,39425
2023,Julio,Colón,19448475.38000004,33574
2023,Julio,Copán,14881136.230000038,26100
2023,Julio,El Paraíso,12900311.26000005,22609
2023,Julio,Valle,10051223.180000052,19755
2023,Julio,Santa Bárbara,9943290.050000016,17556
2023,Julio,Intibucá,6420237.810000006,8619
2023,Julio,Ocotepeque,4511467.380000001,7765
2023,Julio,Islas de la Bahía,4060253.380000009,6436
2023,Julio,Lempira,3980014.2700000033,6569
2023,Julio,La Paz,2847083.87,6227
2023,Julio,Gracias a Dios,68057.4,246
2023,Agosto,Francisco Morazán,448683099.0199999,702298
2023,Agosto,Cortés,140416316.47998786,236565
2023,Agosto,Yoro,31373823.840000115,65891
2023,Agosto,Comayagua,29824735.71000011,50903
2023,Agosto,Atlántida,25787900.530000098,49138
2023,Agosto,Olancho,24517818.81000007,37559
2023,Agosto,Colón,20054847.660000034,34365
2023,Agosto,Choluteca,19624704.31000004,39333
2023,Agosto,Copán,15182926.840000026,26505
2023,Agosto,El Paraíso,12919372.800000051,22391
2023,Agosto,Valle,10124005.370000051,19981
2023,Agosto,Santa Bárbara,9950731.52000001,17555
2023,Agosto,Intibucá,4549880.660000003,8897
2023,Agosto,Ocotepeque,4447945.47,7770
2023,Agosto,Islas de la Bahía,4261862.830000011,6584
2023,Agosto,Lempira,4025013.400000002,6486
2023,Agosto,La Paz,2909537.58,6308
2023,Agosto,Gracias a Dios,75182.99,268
2023,Septiembre,Francisco Morazán,426586060.81,702296
2023,Septiembre,Cortés,115810725.06999405,227898
2023,Septiembre,Yoro,27708334.720000066,62460
2023,Septiembre,Comayagua,26728895.070000052,48648
2023,Septiembre,Atlántida,23416456.07000009,47127
2023,Septiembre,Olancho,21863843.86000004,35595
2023,Septiembre,Choluteca,18027569.49000003,38688
2023,Septiembre,Colón,17506328.22000001,31887
2023,Septiembre,Copán,13609267.74000001,25382
2023,Septiembre,El Paraíso,11748686.230000032,21119
2023,Septiembre,Valle,9079100.140000025,19155
2023,Septiembre,Santa Bárbara,8899803.090000007,16572
2023,Septiembre,Intibucá,4227224.090000002,8702
2023,Septiembre,Ocotepeque,4129884.3599999994,7277
2023,Septiembre,Islas de la Bahía,3623234.3900000066,6099
2023,Septiembre,Lempira,3568053.92,6336
2023,Septiembre,La Paz,2657199.44,6046
2023,Septiembre,Gracias a Dios,67957.72,276
2023,Octubre,Francisco Morazán,461531814.0300001,732481
2023,Octubre,Cortés,129669393.79999122,243653
2023,Octubre,Yoro,30520878.00000007,65837
2023,Octubre,Comayagua,29305761.550000038,52250
2023,Octubre,Olancho,26007563.36000002,39995
2023,Octubre,Atlántida,24537627.110000048,48450
2023,Octubre,Choluteca,20415085.909999978,41756
2023,Octubre,Colón,19495354.350000016,34682
2023,Octubre,Copán,15356571.430000022,27740
2023,Octubre,El Paraíso,13058422.10000003,22364
2023,Octubre,Santa Bárbara,9986917.930000015,18984
2023,Octubre,Valle,9789750.150000041,20173
2023,Octubre,Intibucá,7629299.840000004,9135
2023,Octubre,Ocotepeque,4215969.930000001,8124
2023,Octubre,Lempira,4102394.570000003,7065
2023,Octubre,Islas de la Bahía,3628625.710000008,6110
2023,Octubre,La Paz,3047115.220000001,6711
2023,Octubre,Gracias a Dios,66745.01999999999,279
2023,Noviembre,Francisco Morazán,408819920.25,694717
2023,Noviembre,Cortés,121671009.85998672,237770
2023,Noviembre,Yoro,26884876.330000047,61511
2023,Noviembre,Comayagua,26461746.180000067,48851
2023,Noviembre,Olancho,22927068.81999999,37134
2023,Noviembre,Atlántida,22331813.180000022,46380
2023,Noviembre,Choluteca,18394727.879999947,39180
2023,Noviembre,Colón,17070017.390000023,32248
2023,Noviembre,Copán,13393694.310000023,25453
2023,Noviembre,El Paraíso,11376136.020000033,20490
2023,Noviembre,Valle,9003654.30000004,19095
2023,Noviembre,Santa Bárbara,8532706.570000011,16836
2023,Noviembre,Intibucá,7047815.050000004,8588
2023,Noviembre,Ocotepeque,3712411.73,7355
2023,Noviembre,Lempira,3710298.350000003,6584
2023,Noviembre,Islas de la Bahía,3491425.610000005,5988
2023,Noviembre,La Paz,2543448.08,6108
2023,Noviembre,Gracias a Dios,65187.75999999999,261
2023,Diciembre,Francisco Morazán,443003873.93,753607
2023,Diciembre,Cortés,129050665.24999349,255507
2023,Diciembre,Yoro,30110584.360000025,66260
2023,Diciembre,Comayagua,28608206.65,52691
2023,Diciembre,Atlántida,25303198.050000034,50304
2023,Diciembre,Olancho,23376186.059999987,38840
2023,Diciembre,Choluteca,20877910.29000001,42712
2023,Diciembre,Colón,18104274.709999986,34323
2023,Diciembre,Copán,14193637.620000005,27818
2023,Diciembre,El Paraíso,10940621.22,20272
2023,Diciembre,Valle,10315447.68000003,20588
2023,Diciembre,Santa Bárbara,9371976.510000007,18439
2023,Diciembre,Intibucá,7422400.74,9206
2023,Diciembre,Ocotepeque,3674923.980000001,7393
2023,Diciembre,Islas de la Bahía,3633417.2900000033,6215
2023,Diciembre,Lempira,3333205.44,6397
2023,Diciembre,La Paz,2569334.4000000004,6256
2023,Diciembre,Gracias a Dios,71617.68999999999,271
2024,Enero,Francisco Morazán,368646580.2400355,635431
2024,Enero,Cortés,116231218.01999837,227955
2024,Enero,Yoro,24421969.690000094,57186
2024,Enero,Comayagua,23071873.81000009,43724
2024,Enero,Atlántida,21154173.30000007,43744
2024,Enero,Olancho,20110083.390000034,33151
2024,Enero,Choluteca,16787737.24000005,36403
2024,Enero,Colón,14818315.280000018,29238
2024,Enero,Copán,11670271.100000016,22800
2024,Enero,El Paraíso,9435254.470000021,17782
2024,Enero,Valle,8452457.45000003,18001
2024,Enero,Santa Bárbara,7823921.580000009,15546
2024,Enero,Intibucá,6546979.190000003,8143
2024,Enero,Islas de la Bahía,3624621.350000007,5814
2024,Enero,Ocotepeque,2892266.05,6015
2024,Enero,Lempira,2858907.52,5359
2024,Enero,La Paz,2261267.5999999987,5423
2024,Enero,Gracias a Dios,53461.40999999999,230
2024,Febrero,Francisco Morazán,397856056.4300387,676649
2024,Febrero,Cortés,120202806.72999762,237226
2024,Febrero,Yoro,25011053.360000074,57797
2024,Febrero,Comayagua,23754184.370000057,44515
2024,Febrero,Atlántida,21861815.000000067,44617
2024,Febrero,Olancho,20912017.76000002,34303
2024,Febrero,Choluteca,17061200.75000002,36852
2024,Febrero,Colón,15868187.370000018,30382
2024,Febrero,Copán,12055597.140000017,23101
2024,Febrero,El Paraíso,9985806.750000022,18513
2024,Febrero,Valle,8373080.140000031,17729
2024,Febrero,Santa Bárbara,8083349.7500000065,15486
2024,Febrero,Intibucá,6636667.160000003,7937
2024,Febrero,Islas de la Bahía,3615223.3200000045,5795
2024,Febrero,Lempira,2998847.130000001,5605
2024,Febrero,Ocotepeque,2944502.889999999,5964
2024,Febrero,La Paz,2177791.3,5174
2024,Febrero,Gracias a Dios,72618.04999999999,240
2024,Marzo,Francisco Morazán,424809748.8700627,711845
2024,Marzo,Cortés,123316124.99999906,243598
2024,Marzo,Yoro,26414241.97000011,59779
2024,Marzo,Comayagua,25171432.630000085,47271
2024,Marzo,Atlántida,23649067.240000065,47320
2024,Marzo,Olancho,22824188.870000027,35370
2024,Marzo,Choluteca,18187612.99000002,38275
2024,Marzo,Colón,17315258.740000024,31189
2024,Marzo,Copán,12968858.18000002,24381
2024,Marzo,El Paraíso,10683688.450000022,19142
2024,Marzo,Valle,9014039.410000043,18374
2024,Marzo,Santa Bárbara,8493723.18000001,16098
2024,Marzo,Intibucá,5455881.790000004,8213
2024,Marzo,Islas de la Bahía,3431501.9100000067,5637
2024,Marzo,Lempira,3219754.160000001,5902
2024,Marzo,Ocotepeque,3087202.989999999,6104
2024,Marzo,La Paz,2384267.229999999,5511
2024,Marzo,Gracias a Dios,75223.84,242
2024,Abril,Francisco Morazán,504778783.100064,765835
2024,Abril,Cortés,149210425.07999033,272862
2024,Abril,Yoro,31302725.21000007,65329
2024,Abril,Comayagua,29770721.13000009,51196
2024,Abril,Atlántida,26824516.219999965,49709
2024,Abril,Olancho,26479790.650000006,38091
2024,Abril,Choluteca,21577615.38999989,41423
2024,Abril,Colón,19963912.20000004,34141
2024,Abril,Copán,15641228.680000031,27031
2024,Abril,El Paraíso,13076646.660000032,21213
2024,Abril,Valle,10655443.64000006,19852
2024,Abril,Santa Bárbara,10166988.21000002,17660
2024,Abril,Intibucá,7786551.540000005,8926
2024,Abril,Islas de la Bahía,4109440.260000011,6363
2024,Abril,Lempira,4073321.400000006,6658
2024,Abril,Ocotepeque,3861465.93,7070
2024,Abril,La Paz,2899581.5100000007,6180
2024,Abril,Gracias a Dios,95972.12000000001,286
2024,Mayo,Francisco Morazán,506917407.7700658,794436
2024,Mayo,Cortés,149485928.4399931,281329
2024,Mayo,Yoro,31284367.13000009,66644
2024,Mayo,Comayagua,29455471.570000075,52129
2024,Mayo,Olancho,26712485.38000004,40421
2024,Mayo,Atlántida,26627491.059999987,51265
2024,Mayo,Choluteca,21215553.669999942,42748
2024,Mayo,Colón,21068053.590000037,38925
2024,Mayo,Copán,15390552.660000026,28159
2024,Mayo,El Paraíso,12913008.05000002,22005
2024,Mayo,Valle,10565074.090000058,20476
2024,Mayo,Santa Bárbara,10177496.790000012,18505
2024,Mayo,Intibucá,8358242.770000005,9651
2024,Mayo,Islas de la Bahía,4557779.52000001,7643
2024,Mayo,Lempira,4179378.8300000047,7222
2024,Mayo,Ocotepeque,3975424.090000001,7373
2024,Mayo,La Paz,3129868.009999999,6957
2024,Mayo,Gracias a Dios,119043.54,413
2024,Junio,Francisco Morazán,449138908.1300613,730388
2024,Junio,Cortés,122502650.36999981,243935
2024,Junio,Yoro,26113644.990000136,58570
2024,Junio,Comayagua,23548599.340000127,43745
2024,Junio,Atlántida,21682285.030000117,42977
2024,Junio,Olancho,21295220.61000006,33956
2024,Junio,Choluteca,16724518.670000067,36399
2024,Junio,Colón,16129095.560000028,29248
2024,Junio,Copán,11664466.290000025,22866
2024,Junio,El Paraíso,10332500.210000027,18562
2024,Junio,Valle,8664360.970000044,18170
2024,Junio,Santa Bárbara,8295336.940000005,15695
2024,Junio,Intibucá,7144550.680000006,8449
2024,Junio,Lempira,4371693.310000004,6805
2024,Junio,Islas de la Bahía,4011937.4700000086,6104
2024,Junio,Ocotepeque,3331037.9399999995,6382
2024,Junio,La Paz,3079592.23,6478
2024,Junio,Gracias a Dios,315019.65,1031
2024,Julio,Francisco Morazán,522539741.5000952,785679
2024,Julio,Cortés,144807432.60999423,270528
2024,Julio,Yoro,30932811.24000007,63763
2024,Julio,Comayagua,28708828.970000107,49455
2024,Julio,Olancho,26010699.230000064,38134
2024,Julio,Atlántida,25436067.35000002,47470
2024,Julio,Choluteca,21037950.79999993,41245
2024,Julio,Colón,19250679.000000045,32423
2024,Julio,Copán,13997728.90000004,26044
2024,Julio,El Paraíso,12599145.40000004,21305
2024,Julio,Valle,10805596.470000068,20460
2024,Julio,Santa Bárbara,10178706.940000014,17767
2024,Julio,Intibucá,8746232.550000008,9447
2024,Julio,Lempira,5466363.180000013,8246
2024,Julio,Islas de la Bahía,4470116.120000014,6802
2024,Julio,Ocotepeque,3940372.1900000023,7220
2024,Julio,La Paz,3861020.310000001,7334
2024,Julio,Gracias a Dios,253472.71,581
2024,Agosto,Francisco Morazán,490130536.2000771,771860
2024,Agosto,Cortés,135248675.22999647,262490
2024,Agosto,Yoro,28255851.25000012,61150
2024,Agosto,Comayagua,26247645.34000015,46822
2024,Agosto,Atlántida,23726802.120000068,45622
2024,Agosto,Olancho,23413619.09000009,35930
2024,Agosto,Choluteca,18619752.78000004,38646
2024,Agosto,Colón,17407601.75000005,31002
2024,Agosto,Copán,13296185.960000038,24800
2024,Agosto,El Paraíso,11528807.280000046,19940
2024,Agosto,Intibucá,10017265.40000001,9071
2024,Agosto,Valle,9870512.580000065,19313
2024,Agosto,Santa Bárbara,9419574.010000011,17222
2024,Agosto,Lempira,5273765.090000012,7870
2024,Agosto,Islas de la Bahía,4440303.630000015,7166
2024,Agosto,La Paz,3506542.5900000017,7035
2024,Agosto,Ocotepeque,3417984.3699999996,6639
2024,Agosto,Gracias a Dios,236304.85,556
2024,Septiembre,Francisco Morazán,494047588.66999996,789460
2024,Septiembre,Cortés,136924692.67999694,262563
2024,Septiembre,Yoro,28747545.460000113,62500
2024,Septiembre,Comayagua,26408321.76000014,46856
2024,Septiembre,Olancho,24356951.500000075,36681
2024,Septiembre,Atlántida,23193309.340000033,45522
2024,Septiembre,Choluteca,19154283.64000002,39834
2024,Septiembre,Colón,17748599.50000004,30932
2024,Septiembre,Copán,12800252.530000031,25005
2024,Septiembre,El Paraíso,11638863.67000003,19995
2024,Septiembre,Valle,9833175.02000006,19610
2024,Septiembre,Santa Bárbara,9472620.520000009,17419
2024,Septiembre,Intibucá,9423492.160000008,9293
2024,Septiembre,Lempira,4987400.760000008,7726
2024,Septiembre,Islas de la Bahía,4138130.0300000133,6734
2024,Septiembre,La Paz,3625518.070000001,7324
2024,Septiembre,Ocotepeque,3478232.62,6801
2024,Septiembre,Gracias a Dios,243930.9299999999,629
2024,Octubre,Francisco Morazán,511572430.79999995,803298
2024,Octubre,Cortés,137595604.7799958,263738
2024,Octubre,Yoro,27955404.670000054,60319
2024,Octubre,Comayagua,25660868.89000003,45672
2024,Octubre,Olancho,23696698.120000035,35638
2024,Octubre,Atlántida,22111956.12000003,43652
2024,Octubre,Choluteca,18815098.180000007,39087
2024,Octubre,Colón,17340965.55000001,29700
2024,Octubre,Copán,13202056.49000001,24865
2024,Octubre,El Paraíso,11347241.280000012,19283
2024,Octubre,Valle,9798607.160000034,19437
2024,Octubre,Santa Bárbara,9187258.980000002,16586
2024,Octubre,Intibucá,8470360.640000004,9124
2024,Octubre,Lempira,5119224.900000002,7593
2024,Octubre,Islas de la Bahía,3930801.930000007,6295
2024,Octubre,Ocotepeque,3604334.6899999995,6804
2024,Octubre,La Paz,3535786.249999999,7093
2024,Octubre,Gracias a Dios,230207.82,618
2024,Noviembre,Francisco Morazán,482481968.84000003,773524
2024,Noviembre,Cortés,131654448.05999793,256570
2024,Noviembre,Yoro,26788880.790000036,58245
2024,Noviembre,Comayagua,25140196.350000024,44566
2024,Noviembre,Olancho,23367899.83000003,35139
2024,Noviembre,Atlántida,21088635.490000017,43039
2024,Noviembre,Choluteca,18457609.609999992,38169
2024,Noviembre,Colón,16868899.060000014,29508
2024,Noviembre,Copán,12484271.690000009,23588
2024,Noviembre,El Paraíso,11399213.74000001,18892
2024,Noviembre,Santa Bárbara,9258697.440000005,16212
2024,Noviembre,Valle,9225011.79000002,18798
2024,Noviembre,Intibucá,6235129.910000002,8780
2024,Noviembre,Lempira,4779051.980000004,7150
2024,Noviembre,Islas de la Bahía,3859379.1100000055,6488
2024,Noviembre,La Paz,3453653.13,6902
2024,Noviembre,Ocotepeque,3342713.06,6449
2024,Noviembre,Gracias a Dios,254277.47,648
2024,Diciembre,Francisco Morazán,514985030.28,844791
2024,Diciembre,Cortés,149366108.149996,284952
2024,Diciembre,Yoro,31469851.09000005,66069
2024,Diciembre,Comayagua,27967709.48000007,49541
2024,Diciembre,Olancho,25729703.36000003,38639
2024,Diciembre,Atlántida,25526476.280000035,49229
2024,Diciembre,Choluteca,21883416.88999997,42699
2024,Diciembre,Colón,18795413.330000024,33082
2024,Diciembre,Copán,13957891.350000026,26849
2024,Diciembre,El Paraíso,11588268.840000017,19370
2024,Diciembre,Valle,11425907.200000042,21196
2024,Diciembre,Santa Bárbara,10243314.980000004,18615
2024,Diciembre,Intibucá,5328782.100000011,10072
2024,Diciembre,Lempira,4519487.100000003,7272
2024,Diciembre,Islas de la Bahía,4479636.89000001,7223
2024,Diciembre,Ocotepeque,3686101.879999999,7246
2024,Diciembre,La Paz,3517424.169999998,7205
2024,Diciembre,Gracias a Dios,268272.33,661
2025,Enero,Francisco Morazán,464956998.28000003,712271
2025,Enero,Cortés,128783921.73999663,239597
2025,Enero,Yoro,23876172.260000084,51036
2025,Enero,Olancho,22692254.05000005,31395
2025,Enero,Comayagua,22554671.93000008,38158
2025,Enero,Atlántida,20337449.40000007,38960
2025,Enero,Choluteca,17499787.71000004,34115
2025,Enero,Colón,16128079.580000024,26280
2025,Enero,Copán,11220929.39000002,20268
2025,Enero,El Paraíso,10293714.080000024,15573
2025,Enero,Valle,9233935.54000004,17126
2025,Enero,Santa Bárbara,8753718.070000004,14390
2025,Enero,Intibucá,4544507.480000007,7840
2025,Enero,Islas de la Bahía,4106511.470000008,6110
2025,Enero,Lempira,3900603.860000003,5474
2025,Enero,Ocotepeque,3061137.33,5443
2025,Enero,La Paz,2806889.629999999,5532
2025,Enero,Gracias a Dios,246144.45,600
2025,Febrero,Francisco Morazán,512205374.20000005,747438
2025,Febrero,Cortés,138427061.98999605,244631
2025,Febrero,Yoro,27579285.10000001,54042
2025,Febrero,Olancho,25792335.06000001,33686
2025,Febrero,Comayagua,23849496.620000027,38876
2025,Febrero,Atlántida,23036404.49000002,41117
2025,Febrero,Choluteca,19688704.049999997,35498
2025,Febrero,Colón,19654292.880000018,28601
2025,Febrero,Copán,12760931.400000002,21197
2025,Febrero,El Paraíso,10891576.500000011,16481
2025,Febrero,Santa Bárbara,9850301.090000004,15123
2025,Febrero,Valle,9782852.980000023,17077
2025,Febrero,Intibucá,4954629.430000002,8193
2025,Febrero,Lempira,4281427.390000001,5801
2025,Febrero,Islas de la Bahía,4058716.2900000047,6204
2025,Febrero,Ocotepeque,3297822.04,5539
2025,Febrero,La Paz,2833047.4000000004,5529
2025,Febrero,Gracias a Dios,304330.67,604
2025,Marzo,Francisco Morazán,615606847.45,846576
2025,Marzo,Cortés,156637807.71999514,271055
2025,Marzo,Yoro,32126284.07000001,60149
2025,Marzo,Olancho,29962506.739999995,37136
2025,Marzo,Comayagua,27583518.11000003,43397
2025,Marzo,Atlántida,26313859.980000015,44916
2025,Marzo,Colón,23063721.77000002,31625
2025,Marzo,Choluteca,22763340.21999997,39452
2025,Marzo,Copán,14499058.29000001,23897
2025,Marzo,El Paraíso,12682094.650000017,18387
2025,Marzo,Valle,11625071.690000042,19089
2025,Marzo,Santa Bárbara,10952235.520000007,16711
2025,Marzo,Intibucá,5622881.750000007,8968
2025,Marzo,Lempira,4885064.790000003,6460
2025,Marzo,Islas de la Bahía,4251799.000000008,6659
2025,Marzo,Ocotepeque,3965541.5100000016,6429
2025,Marzo,La Paz,3341774.8600000013,6114
2025,Marzo,Gracias a Dios,305202.24,671
2025,Abril,Francisco Morazán,600894727.4499999,848294
2025,Abril,Cortés,155533268.47998616,278023
2025,Abril,Yoro,30913168.880000036,59527
2025,Abril,Olancho,28631681.690000027,36492
2025,Abril,Comayagua,27470922.440000042,43860
2025,Abril,Atlántida,24699039.540000044,44004
2025,Abril,Choluteca,21599630.259999998,38830
2025,Abril,Colón,21475330.93000002,30847
2025,Abril,Copán,14620888.630000012,24139
2025,Abril,El Paraíso,12613160.750000013,18444
2025,Abril,Valle,11324669.440000031,19073
2025,Abril,Santa Bárbara,10905615.770000001,16793
2025,Abril,Intibucá,5485793.450000006,8957
2025,Abril,Lempira,5039582.5100000035,6719
2025,Abril,Ocotepeque,4151315.1499999994,6727
2025,Abril,Islas de la Bahía,3917038.2000000067,6433
2025,Abril,La Paz,3444605.94,6399
2025,Abril,Gracias a Dios,307990.98,637
2025,Mayo,Francisco Morazán,649425475.82,897712
2025,Mayo,Cortés,162406095.54999173,290304
2025,Mayo,Yoro,33839660.99,62316
2025,Mayo,Olancho,31233358.40999999,38569
2025,Mayo,Comayagua,29564023.44000004,47118
2025,Mayo,Atlántida,26311572.07,46162
2025,Mayo,Choluteca,23153114.199999925,40635
2025,Mayo,Colón,22809150.510000028,31996
2025,Mayo,Copán,15752348.810000021,26052
2025,Mayo,El Paraíso,13357944.400000019,19237
2025,Mayo,Santa Bárbara,11680105.920000013,17572
2025,Mayo,Valle,11561628.980000043,19597
2025,Mayo,Intibucá,5826704.850000011,9767
2025,Mayo,Lempira,5612535.610000006,7286
2025,Mayo,Ocotepeque,4532752.890000001,7321
2025,Mayo,Islas de la Bahía,3909085.330000007,6599
2025,Mayo,La Paz,3840080.2,6894
2025,Mayo,Gracias a Dios,353003.85,744
2025,Junio,Francisco Morazán,701219651.7499998,866532
2025,Junio,Cortés,167066696.53999496,269353
2025,Junio,Yoro,34829358.23999997,58577
2025,Junio,Olancho,32894330.039999984,36913
2025,Junio,Comayagua,31213356.34999999,44583
2025,Junio,Atlántida,27881278.91999997,43709
2025,Junio,Colón,25642568.070000023,30898
2025,Junio,Choluteca,23976707.66999991,38622
2025,Junio,Copán,16771812.030000018,24601
2025,Junio,El Paraíso,14519725.200000018,18791
2025,Junio,Santa Bárbara,12952923.670000011,16996
2025,Junio,Valle,12187829.510000039,18674
2025,Junio,Lempira,6199002.680000005,6972
2025,Junio,Intibucá,6047356.29000001,9021
2025,Junio,Ocotepeque,4905316.700000003,6977
2025,Junio,Islas de la Bahía,4151267.7600000068,6342
2025,Junio,La Paz,4128510.020000002,6485
2025,Junio,Gracias a Dios,375492.14,708
2025,Julio,Francisco Morazán,657589306.7800002,841131
2025,Julio,Cortés,185287816.34999615,309739
2025,Julio,Yoro,36175660.07000002,68814
2025,Julio,Olancho,35739085.18,49720
2025,Julio,Atlántida,32679101.689999536,67923
2025,Julio,Comayagua,31221525.98000006,48317
2025,Julio,Colón,26337224.910000086,40429
2025,Julio,Choluteca,24619790.44999984,43110
2025,Julio,Copán,18325502.880000055,32135
2025,Julio,El Paraíso,14755467.330000041,22947
2025,Julio,Santa Bárbara,13362880.550000027,22028
2025,Julio,Valle,12347014.83000007,20943
2025,Julio,Lempira,6422938.840000012,9197
2025,Julio,Intibucá,6368976.61000002,10516
2025,Julio,Ocotepeque,4983946.710000006,7379
2025,Julio,Islas de la Bahía,4345794.880000013,6751
2025,Julio,La Paz,4238755.220000002,7280
2025,Julio,Gracias a Dios,318290.7899999999,661
2025,Agosto,Francisco Morazán,579008531.0599998,726609
2025,Agosto,Cortés,174169077.44999295,319240
2025,Agosto,Atlántida,36944342.30999939,82351
2025,Agosto,Olancho,36265179.41999997,56273
2025,Agosto,Yoro,35784392.31000003,73948
2025,Agosto,Comayagua,29786955.04000004,49548
2025,Agosto,Colón,26450996.780000072,45297
2025,Agosto,Choluteca,23793540.429999836,44496
2025,Agosto,Copán,19033359.370000016,35924
2025,Agosto,El Paraíso,14768067.250000032,25304
2025,Agosto,Santa Bárbara,12739669.270000022,23844
2025,Agosto,Valle,12228480.470000055,22119
2025,Agosto,Lempira,6377197.3600000115,10227
2025,Agosto,Intibucá,6182232.070000014,10927
2025,Agosto,Ocotepeque,4281387.830000003,7116
2025,Agosto,Islas de la Bahía,3926674.050000011,6644
2025,Agosto,La Paz,3768533.240000001,7154
2025,Agosto,Gracias a Dios,293291.3199999999,601
2025,Septiembre,Francisco Morazán,577362016.85,741350
2025,Septiembre,Cortés,208417811.50999922,351913
2025,Septiembre,Yoro,43781929.99999995,81515
2025,Septiembre,Atlántida,42554965.83000022,89769
2025,Septiembre,Olancho,41697524.60999993,61508
2025,Septiembre,Comayagua,37585221.86999991,58401
2025,Septiembre,Copán,34054628.95999991,51768
2025,Septiembre,Colón,29184800.65,48495
2025,Septiembre,Choluteca,28775284.279999983,50476
2025,Septiembre,Santa Bárbara,18732802.479999993,32294
2025,Septiembre,El Paraíso,16296943.32999998,27379
2025,Septiembre,Valle,15654057.840000026,26126
2025,Septiembre,Intibucá,14935242.29000001,17696
2025,Septiembre,Ocotepeque,10011956.740000002,11591
2025,Septiembre,Lempira,9652338.670000002,13100
2025,Septiembre,La Paz,6395125.540000006,10007
2025,Septiembre,Islas de la Bahía,4176400.29000001,7037
2025,Septiembre,Gracias a Dios,283772.3200000001,629
2025,Octubre,Francisco Morazán,424704585.59999996,603170
2025,Octubre,Cortés,207108765.0399905,350477
2025,Octubre,Olancho,51524166.04999966,66024
2025,Octubre,Yoro,51413111.16999976,83610
2025,Octubre,Atlántida,45973405.65999904,91647
2025,Octubre,Copán,44801209.439999744,57182
2025,Octubre,Comayagua,43919987.21999993,61259
2025,Octubre,Colón,36009064.980000116,52292
2025,Octubre,Choluteca,30981339.649999566,51517
2025,Octubre,Santa Bárbara,23754730.770000037,35047
2025,Octubre,Intibucá,20682353.28000004,20290
2025,Octubre,El Paraíso,18857006.57000003,28993
2025,Octubre,Valle,17752844.120000094,27853
2025,Octubre,Ocotepeque,14092063.550000023,13475
2025,Octubre,Lempira,12687656.940000033,14356
2025,Octubre,La Paz,8689948.880000012,11462
2025,Octubre,Islas de la Bahía,4648645.0700000115,7541
2025,Octubre,Gracias a Dios,490315.6599999998,946
2025,Noviembre,Francisco Morazán,382399489.53999996,548926
2025,Noviembre,Cortés,188279620.57998425,332082
2025,Noviembre,Olancho,48981897.12999988,63701
2025,Noviembre,Yoro,47587114.89999998,79671
2025,Noviembre,Atlántida,42588869.30999969,87043
2025,Noviembre,Comayagua,40464741.36999998,58213
2025,Noviembre,Copán,40397319.56999996,52758
2025,Noviembre,Colón,33234086.700000063,49843
2025,Noviembre,Choluteca,30387197.049999833,50161
2025,Noviembre,Santa Bárbara,21630406.020000026,32662
2025,Noviembre,Intibucá,19044977.440000013,19213
2025,Noviembre,El Paraíso,18354447.61000001,28272
2025,Noviembre,Valle,17126055.890000064,26562
2025,Noviembre,Ocotepeque,12440887.860000009,12229
2025,Noviembre,Lempira,11447927.910000008,13387
2025,Noviembre,La Paz,8128442.410000009,11187
2025,Noviembre,Islas de la Bahía,4430822.620000015,7434
2025,Noviembre,Gracias a Dios,510321.2399999999,963
2025,Diciembre,Francisco Morazán,435626677.90000004,324984
2025,Diciembre,Cortés,224307862.63000017,184902
2025,Diciembre,Yoro,55060069.03999965,45120
2025,Diciembre,Olancho,54692321.92999951,34838
2025,Diciembre,Atlántida,51934927.339998305,47986
2025,Diciembre,Comayagua,45476879.399999835,32162
2025,Diciembre,Copán,42245916.709999785,26673
2025,Diciembre,Colón,38810154.12000026,27655
2025,Diciembre,Choluteca,35336159.269999325,27818
2025,Diciembre,Santa Bárbara,23787807.60000006,17274
2025,Diciembre,Intibucá,20353301.160000067,10471
2025,Diciembre,Valle,20226911.610000134,14860
2025,Diciembre,El Paraíso,19710715.900000043,15282
2025,Diciembre,Ocotepeque,12720312.580000032,6234
2025,Diciembre,Lempira,11565157.290000027,6537
2025,Diciembre,La Paz,8681810.910000023,5971
2025,Diciembre,Islas de la Bahía,5311778.470000024,4289
2025,Diciembre,Gracias a Dios,582918.0699999998,553
Nota explicativa sobre diferencias en el número de beneficiarios,,,,
,,,,
Nivel Departamento vs Nivel Municipio,,,,
"Se informa que el número de beneficiarios a nivel de departamento no coincide con el número de beneficiarios a nivel de municipio, debido a la metodología utilizada para la extracción y consolidación de la información.",,,,
"Para el cálculo a nivel departamental, la variable de beneficiario se construye utilizando como llave primaria el departamento, lo que implica que cada beneficiario se contabiliza una sola vez dentro de dicho departamento. En este sentido, el indicador representa beneficiarios únicos por departamento, sin duplicidad interna.",,,,
"Sin embargo, al realizar la desagregación a nivel de municipio, la lógica de contabilización cambia. Un mismo beneficiario puede realizar cobros de remesas en diferentes municipios dentro de un mismo departamento, en distintos momentos del tiempo.",,,,
"Dado que el registro municipal se genera en función del lugar donde se efectúa la transacción, un beneficiario puede ser contabilizado en más de un municipio según su frecuencia y ubicación de cobro.",,,,
,,,,
Por lo anterior:,,,,
El total de beneficiarios únicos a nivel de municipio es mayor que el total a nivel de departamento.,,,,
"Esto no representa un aumento real en el número de personas beneficiarias, sino una diferencia metodológica en la unidad de análisis.",,,,
A nivel departamental el beneficiario es único y no se duplica dentro del departamento.,,,,
"A nivel municipal el beneficiario se asigna al municipio donde realizó el cobro, pudiendo aparecer en varios municipios.",,,,
"En consecuencia, ambas cifras son correctas dentro de su respectivo nivel de agregación y no deben compararse de forma directa sin considerar esta diferencia metodológica",,,,
