year,ISO3,ADM0_ES,ADM0_PCODE,ADM1_ES,ADM1_PCODE,ADM2_ES,ADM2_PCODE,F_TL,M_TL,T_TL,F_00_04,F_05_09,F_10_14,F_15_19,F_20_24,F_25_29,F_30_34,F_35_39,F_40_44,F_45_49,F_50_54,F_55_59,F_60_64,F_65_69,F_70_74,F_75_79,F_80Plus,M_00_04,M_05_09,M_10_14,M_15_19,M_20_24,M_25_29,M_30_34,M_35_39,M_40_44,M_45_49,M_50_54,M_55_59,M_60_64,M_65_69,M_70_74,M_75_79,M_80Plus,T_00_04,T_05_09,T_10_14,T_15_19,T_20_24,T_25_29,T_30_34,T_35_39,T_40_44,T_45_49,T_50_54,T_55_59,T_60_64,T_65_69,T_70_74,T_75_79,T_80Plus
2024,HND,Honduras,HN,Atlantida,HN01,Arizona,HN0108,13355,13034,26389,1350,1182,1275,1298,1208,1047,1100,983,792,666,575,510,425,307,234,172,231,1371,1264,1359,1344,1187,1107,924,846,730,540,497,472,438,288,261,163,243,2721,2446,2634,2642,2395,2154,2024,1829,1522,1206,1072,982,863,595,495,335,474
2024,HND,Honduras,HN,Atlantida,HN01,El Porvenir,HN0102,14704,14442,29146,1550,1377,1394,1359,1330,1258,1196,1169,866,716,611,581,401,272,245,137,242,1591,1414,1434,1419,1379,1374,1242,1078,760,610,528,459,382,316,173,122,161,3141,2791,2828,2778,2709,2632,2438,2247,1626,1326,1139,1040,783,588,418,259,403
2024,HND,Honduras,HN,Atlantida,HN01,Esparta,HN0103,10343,10698,21041,1051,947,960,1005,934,846,825,787,608,498,476,385,326,237,192,122,144,1010,1046,1037,986,1027,850,838,758,638,524,456,404,332,247,218,156,171,2061,1993,1997,1991,1961,1696,1663,1545,1246,1022,932,789,658,484,410,278,315
2024,HND,Honduras,HN,Atlantida,HN01,Jutiapa,HN0104,20024,19824,39848,2036,2068,2056,1925,1805,1676,1537,1356,1197,957,804,727,539,438,357,286,260,2089,1990,2039,1977,1795,1673,1481,1358,1109,1015,791,674,527,421,366,238,281,4125,4058,4095,3902,3600,3349,3018,2714,2306,1972,1595,1401,1066,859,723,524,541
2024,HND,Honduras,HN,Atlantida,HN01,La Ceiba,HN0101,125571,110647,236218,11715,11303,11172,11668,12155,11561,10633,9180,7919,6590,5343,4211,3420,2900,2149,1567,2085,11983,11542,11150,11951,11290,9940,8665,7306,6085,5151,4046,3182,2534,2018,1473,1051,1280,23698,22845,22322,23619,23445,21501,19298,16486,14004,11741,9389,7393,5954,4918,3622,2618,3365
2024,HND,Honduras,HN,Atlantida,HN01,La Masica,HN0105,17317,16626,33943,1745,1664,1771,1710,1560,1417,1390,1245,987,869,713,550,486,386,335,223,266,1839,1713,1831,1802,1622,1339,1202,1067,898,701,584,508,429,352,290,199,250,3584,3377,3602,3512,3182,2756,2592,2312,1885,1570,1297,1058,915,738,625,422,516
2024,HND,Honduras,HN,Atlantida,HN01,San Francisco,HN0106,8904,8499,17403,887,771,856,863,788,740,705,684,487,485,386,343,269,230,154,91,165,980,862,914,926,785,670,631,551,395,379,294,272,216,192,148,118,166,1867,1633,1770,1789,1573,1410,1336,1235,882,864,680,615,485,422,302,209,331
2024,HND,Honduras,HN,Atlantida,HN01,Tela,HN0107,56585,55048,111633,5197,5329,5170,5348,4862,4853,4372,4008,3444,2973,2464,2116,1855,1460,1149,874,1111,5604,5644,5627,5536,5137,4422,4139,3696,3072,2480,2241,1847,1569,1334,1044,767,889,10801,10973,10797,10884,9999,9275,8511,7704,6516,5453,4705,3963,3424,2794,2193,1641,2000
2024,HND,Honduras,HN,Choluteca,HN06,Apacilagua,HN0602,4404,4725,9129,373,408,389,363,293,312,298,331,302,281,198,205,164,154,126,95,112,349,406,415,393,413,414,375,345,249,286,219,210,166,171,108,87,119,722,814,804,756,706,726,673,676,551,567,417,415,330,325,234,182,231
2024,HND,Honduras,HN,Choluteca,HN06,Choluteca,HN0601,94279,82684,176963,8735,8354,8218,8792,9327,8837,7740,6526,5527,4883,4050,3422,2863,2351,1687,1225,1742,8751,8319,7912,8151,8468,8030,6860,5667,4363,3603,3190,2515,2122,1575,1203,790,1165,17486,16673,16130,16943,17795,16867,14600,12193,9890,8486,7240,5937,4985,3926,2890,2015,2907
2024,HND,Honduras,HN,Choluteca,HN06,Concepcion de Maria,HN0603,14084,15098,29182,1368,1432,1404,1166,1001,945,1003,990,821,769,659,635,489,413,369,264,356,1380,1431,1493,1389,1206,1212,1110,1094,956,763,686,600,530,421,316,202,309,2748,2863,2897,2555,2207,2157,2113,2084,1777,1532,1345,1235,1019,834,685,466,665
2024,HND,Honduras,HN,Choluteca,HN06,Duyure,HN0604,1773,1879,3652,152,160,155,146,173,151,140,142,99,87,72,64,62,42,43,37,48,143,164,180,152,204,193,159,151,112,80,61,57,56,50,50,31,36,295,324,335,298,377,344,299,293,211,167,133,121,118,92,93,68,84
2024,HND,Honduras,HN,Choluteca,HN06,El Corpus,HN0605,12771,14593,27364,1225,1223,1120,1038,1004,1027,1029,921,749,646,588,501,443,439,304,209,305,1331,1339,1326,1248,1183,1178,1182,1142,912,771,632,560,514,394,324,228,329,2556,2562,2446,2286,2187,2205,2211,2063,1661,1417,1220,1061,957,833,628,437,634
2024,HND,Honduras,HN,Choluteca,HN06,El Triunfo,HN0606,25856,26065,51921,2496,2575,2546,2362,2276,2091,1981,1761,1631,1275,1085,949,788,644,507,386,503,2675,2725,2783,2475,2551,2198,1914,1743,1487,1221,971,830,684,542,464,369,433,5171,5300,5329,4837,4827,4289,3895,3504,3118,2496,2056,1779,1472,1186,971,755,936
2024,HND,Honduras,HN,Choluteca,HN06,Marcovia,HN0607,25661,24473,50134,2718,2432,2460,2486,2614,2313,1939,1649,1397,1215,1040,837,725,551,492,346,447,2872,2516,2377,2487,2748,2248,1912,1492,1233,1038,865,715,548,469,351,284,318,5590,4948,4837,4973,5362,4561,3851,3141,2630,2253,1905,1552,1273,1020,843,630,765
2024,HND,Honduras,HN,Choluteca,HN06,Morolica,HN0608,2220,2823,5043,208,228,189,167,141,148,164,171,152,119,102,93,103,63,61,50,61,203,251,273,232,228,208,239,225,183,134,141,101,109,85,76,67,68,411,479,462,399,369,356,403,396,335,253,243,194,212,148,137,117,129
2024,HND,Honduras,HN,Choluteca,HN06,Namasigue,HN0609,18106,18459,36565,1881,1801,1759,1701,1670,1559,1469,1336,997,842,777,635,485,365,349,229,251,1907,1830,1760,1787,1862,1640,1490,1398,1013,882,635,590,488,417,276,198,286,3788,3631,3519,3488,3532,3199,2959,2734,2010,1724,1412,1225,973,782,625,427,537
2024,HND,Honduras,HN,Choluteca,HN06,Orocuina,HN0610,9550,9812,19362,851,871,891,786,720,732,713,687,594,529,464,392,330,278,248,201,263,885,910,935,832,856,808,829,743,607,479,443,361,309,258,207,165,185,1736,1781,1826,1618,1576,1540,1542,1430,1201,1008,907,753,639,536,455,366,448
2024,HND,Honduras,HN,Choluteca,HN06,Pespire,HN0611,12188,12051,24239,1103,1103,1070,966,943,872,853,897,777,633,625,525,447,422,346,252,354,1080,1034,1089,1064,959,1074,938,809,770,679,595,539,368,332,283,188,250,2183,2137,2159,2030,1902,1946,1791,1706,1547,1312,1220,1064,815,754,629,440,604
2024,HND,Honduras,HN,Choluteca,HN06,San Antonio de Flores,HN0612,2780,2724,5504,215,234,209,217,241,229,205,193,198,159,142,136,118,74,80,65,65,219,207,217,247,221,224,245,210,163,161,137,131,87,94,60,42,59,434,441,426,464,462,453,450,403,361,320,279,267,205,168,140,107,124
2024,HND,Honduras,HN,Choluteca,HN06,San Isidro,HN0613,1783,2204,3987,180,180,146,134,117,145,132,123,122,91,100,65,72,63,39,33,41,220,215,198,183,189,188,162,153,144,130,97,87,57,58,40,39,44,400,395,344,317,306,333,294,276,266,221,197,152,129,121,79,72,85
2024,HND,Honduras,HN,Choluteca,HN06,San Jose,HN0614,2439,2858,5297,210,272,257,213,168,160,176,154,136,126,97,85,85,93,83,53,71,302,256,300,257,202,200,190,187,151,166,131,114,110,86,68,74,64,512,528,557,470,370,360,366,341,287,292,228,199,195,179,151,127,135
2024,HND,Honduras,HN,Choluteca,HN06,San Marcos de Colon,HN0615,15517,17392,32909,1480,1364,1293,1382,1419,1317,1135,1153,1029,842,652,591,491,393,348,309,319,1804,1917,1796,1729,1562,1501,1204,1134,1067,839,671,551,456,380,326,210,245,3284,3281,3089,3111,2981,2818,2339,2287,2096,1681,1323,1142,947,773,674,519,564
2024,HND,Honduras,HN,Choluteca,HN06,Santa Ana de Yusguare,HN0616,7984,7658,15642,810,750,692,746,726,706,644,650,463,365,330,262,249,196,139,105,151,809,780,696,756,753,751,606,515,441,341,291,253,194,169,116,79,108,1619,1530,1388,1502,1479,1457,1250,1165,904,706,621,515,443,365,255,184,259
2024,HND,Honduras,HN,Colon,HN02,Balfate,HN0202,6574,7045,13619,709,743,702,588,577,569,442,413,331,344,273,204,197,130,113,116,123,721,803,798,688,673,560,535,458,365,318,259,253,190,161,103,60,100,1430,1546,1500,1276,1250,1129,977,871,696,662,532,457,387,291,216,176,223
2024,HND,Honduras,HN,Colon,HN02,Bonito Oriental,HN0210,15714,15194,30908,1695,1626,1659,1664,1508,1377,1192,1078,878,683,576,430,404,338,243,152,211,1841,1597,1696,1738,1600,1348,1053,895,744,572,506,401,347,249,230,174,203,3536,3223,3355,3402,3108,2725,2245,1973,1622,1255,1082,831,751,587,473,326,414
2024,HND,Honduras,HN,Colon,HN02,Iriona,HN0203,11026,12402,23428,1185,1252,1221,971,910,914,973,770,624,490,455,324,220,208,153,152,204,1294,1373,1483,1201,1015,947,1142,870,675,627,487,375,272,236,159,130,116,2479,2625,2704,2172,1925,1861,2115,1640,1299,1117,942,699,492,444,312,282,320
2024,HND,Honduras,HN,Colon,HN02,Limon,HN0204,8668,8616,17284,1034,1042,986,800,744,765,574,542,425,375,329,248,261,212,137,92,102,1064,1114,1061,886,835,752,610,483,395,341,258,211,172,170,119,83,62,2098,2156,2047,1686,1579,1517,1184,1025,820,716,587,459,433,382,256,175,164
2024,HND,Honduras,HN,Colon,HN02,Saba,HN0205,17643,16621,34264,1866,1636,1639,1744,1823,1666,1469,1277,1019,845,640,573,434,344,271,175,222,1992,1647,1703,1834,1759,1525,1372,1056,785,666,545,464,361,260,256,183,213,3858,3283,3342,3578,3582,3191,2841,2333,1804,1511,1185,1037,795,604,527,358,435
2024,HND,Honduras,HN,Colon,HN02,Santa Fe,HN0206,2884,2381,5265,298,320,305,219,211,217,235,165,138,131,165,125,99,49,73,49,85,285,284,254,196,198,188,189,130,140,76,79,86,93,49,65,33,36,583,604,559,415,409,405,424,295,278,207,244,211,192,98,138,82,121
2024,HND,Honduras,HN,Colon,HN02,Santa Rosa de Aguan,HN0207,2991,2794,5785,309,207,241,166,208,236,237,177,190,162,115,163,106,146,148,72,108,254,281,300,280,192,171,200,286,124,114,118,81,90,63,109,49,82,563,488,541,446,400,407,437,463,314,276,233,244,196,209,257,121,190
2024,HND,Honduras,HN,Colon,HN02,Sonaguera,HN0208,24824,23777,48601,2444,2284,2445,2553,2342,2053,1994,1781,1469,1206,969,901,735,588,414,291,355,2416,2344,2485,2540,2338,1984,1745,1645,1250,1086,858,802,645,538,421,267,413,4860,4628,4930,5093,4680,4037,3739,3426,2719,2292,1827,1703,1380,1126,835,558,768
2024,HND,Honduras,HN,Colon,HN02,Tocoa,HN0209,59056,55148,114204,6022,6128,5989,5973,5971,5451,4948,4151,3320,2601,2220,1657,1377,1088,819,627,714,6380,6340,6065,5962,5639,4953,4033,3502,2732,2167,1759,1393,1230,1053,739,553,648,12402,12468,12054,11935,11610,10404,8981,7653,6052,4768,3979,3050,2607,2141,1558,1180,1362
2024,HND,Honduras,HN,Colon,HN02,Trujillo,HN0201,37170,35029,72199,3609,3618,3612,3926,3372,3206,2875,2668,2172,1882,1413,1277,1022,818,646,447,607,3647,3788,3809,3899,3212,3045,2591,2206,1903,1453,1284,1072,920,739,556,452,453,7256,7406,7421,7825,6584,6251,5466,4874,4075,3335,2697,2349,1942,1557,1202,899,1060
2024,HND,Honduras,HN,Comayagua,HN03,Ajuterique,HN0302,6316,5907,12223,510,542,559,663,686,574,535,435,388,342,281,198,164,146,105,98,90,575,561,553,606,621,518,449,449,340,285,263,174,147,112,102,83,69,1085,1103,1112,1269,1307,1092,984,884,728,627,544,372,311,258,207,181,159
2024,HND,Honduras,HN,Comayagua,HN03,Comayagua,HN0301,100113,88886,188999,10096,9529,9618,11504,11526,9763,8006,6555,5389,4464,3476,2871,2186,1701,1357,960,1112,10608,9814,9717,9702,8904,8002,6629,5622,4504,3780,2958,2495,1937,1537,1043,753,881,20704,19343,19335,21206,20430,17765,14635,12177,9893,8244,6434,5366,4123,3238,2400,1713,1993
2024,HND,Honduras,HN,Comayagua,HN03,El Rosario,HN0303,17879,18208,36087,1878,1929,1926,1939,1659,1530,1401,1195,1020,759,638,500,440,360,276,201,228,1955,1945,2001,1958,1594,1484,1407,1226,995,848,692,544,464,360,284,208,243,3833,3874,3927,3897,3253,3014,2808,2421,2015,1607,1330,1044,904,720,560,409,471
2024,HND,Honduras,HN,Comayagua,HN03,Esquias,HN0304,11464,11780,23244,1340,1203,1071,1176,1147,1062,936,800,629,501,405,296,243,247,133,106,169,1327,1152,1179,1219,1169,1079,946,825,710,514,419,352,260,198,158,129,144,2667,2355,2250,2395,2316,2141,1882,1625,1339,1015,824,648,503,445,291,235,313
2024,HND,Honduras,HN,Comayagua,HN03,Humuya,HN0305,728,812,1540,74,58,75,80,85,48,68,40,50,20,42,35,22,10,3,7,11,68,69,70,69,92,82,69,55,57,51,22,38,22,14,6,11,17,142,127,145,149,177,130,137,95,107,71,64,73,44,24,9,18,28
2024,HND,Honduras,HN,Comayagua,HN03,La Libertad,HN0306,16116,16717,32833,1828,1692,1633,1626,1660,1400,1242,1125,889,707,601,480,377,297,231,157,171,1822,1776,1807,1833,1605,1521,1300,1115,872,762,619,490,394,272,213,134,182,3650,3468,3440,3459,3265,2921,2542,2240,1761,1469,1220,970,771,569,444,291,353
2024,HND,Honduras,HN,Comayagua,HN03,La Trinidad,HN0308,2508,2644,5152,272,263,302,286,201,184,176,200,156,117,81,58,72,50,38,28,24,267,297,301,262,254,188,186,174,166,140,97,85,53,66,57,17,34,539,560,603,548,455,372,362,374,322,257,178,143,125,116,95,45,58
2024,HND,Honduras,HN,Comayagua,HN03,Lamani,HN0307,3990,3795,7785,386,345,386,393,397,358,322,258,239,193,145,141,118,97,57,66,89,387,391,366,362,370,328,247,224,228,190,176,136,107,91,65,62,65,773,736,752,755,767,686,569,482,467,383,321,277,225,188,122,128,154
2024,HND,Honduras,HN,Comayagua,HN03,Las Lajas,HN0320,8831,8288,17119,1073,1003,999,1065,937,793,615,535,425,341,263,234,201,127,94,66,60,1237,969,1027,951,668,647,543,491,407,293,238,239,182,162,114,74,46,2310,1972,2026,2016,1605,1440,1158,1026,832,634,501,473,383,289,208,140,106
2024,HND,Honduras,HN,Comayagua,HN03,Lejamani,HN0309,3422,2852,6274,328,275,317,362,396,326,272,234,200,182,140,118,70,56,51,41,54,304,262,261,350,293,251,211,197,157,134,113,100,72,50,39,25,33,632,537,578,712,689,577,483,431,357,316,253,218,142,106,90,66,87
2024,HND,Honduras,HN,Comayagua,HN03,Meambar,HN0310,6964,7657,14621,794,769,754,699,588,581,536,473,360,326,304,179,183,133,122,87,76,776,750,863,860,661,676,590,533,427,316,291,264,192,166,114,89,89,1570,1519,1617,1559,1249,1257,1126,1006,787,642,595,443,375,299,236,176,165
2024,HND,Honduras,HN,Comayagua,HN03,Minas de Oro,HN0311,6996,7227,14223,674,741,739,700,584,553,528,446,436,350,275,277,151,173,138,98,133,687,774,746,793,684,525,514,512,388,369,298,230,209,162,145,96,95,1361,1515,1485,1493,1268,1078,1042,958,824,719,573,507,360,335,283,194,228
2024,HND,Honduras,HN,Comayagua,HN03,Ojos de Agua,HN0312,5641,6125,11766,599,558,572,555,522,518,476,364,338,266,218,201,153,97,89,48,67,593,601,661,630,584,483,554,492,327,255,246,206,169,113,91,55,65,1192,1159,1233,1185,1106,1001,1030,856,665,521,464,407,322,210,180,103,132
2024,HND,Honduras,HN,Comayagua,HN03,San Jerónimo,HN0313,12359,12733,25092,1294,1122,1207,1297,1340,1088,1060,840,703,600,501,384,298,199,171,120,135,1366,1209,1357,1432,1223,1025,1046,917,701,592,543,377,292,217,177,112,147,2660,2331,2564,2729,2563,2113,2106,1757,1404,1192,1044,761,590,416,348,232,282
2024,HND,Honduras,HN,Comayagua,HN03,San Jose de Comayagua,HN0314,3948,4152,8100,435,453,426,425,359,324,282,273,217,183,121,109,92,91,57,50,51,450,447,472,434,334,327,299,293,252,197,146,114,107,96,73,51,60,885,900,898,859,693,651,581,566,469,380,267,223,199,187,130,101,111
2024,HND,Honduras,HN,Comayagua,HN03,San Jose del Potrero,HN0315,3572,4286,7858,311,368,373,320,255,313,290,240,222,199,176,111,94,78,96,50,76,378,430,454,428,382,386,325,292,269,205,193,127,102,106,69,54,86,689,798,827,748,637,699,615,532,491,404,369,238,196,184,165,104,162
2024,HND,Honduras,HN,Comayagua,HN03,San Luis,HN0316,6378,6443,12821,750,672,642,634,585,569,474,487,349,299,219,183,152,109,94,81,79,723,676,681,616,569,577,485,399,401,314,261,210,168,135,101,60,67,1473,1348,1323,1250,1154,1146,959,886,750,613,480,393,320,244,195,141,146
2024,HND,Honduras,HN,Comayagua,HN03,San Sebastian,HN0317,1947,1750,3697,166,169,173,193,183,186,131,135,130,105,72,51,66,53,50,42,42,171,151,176,151,189,145,119,105,83,97,65,75,40,60,46,39,38,337,320,349,344,372,331,250,240,213,202,137,126,106,113,96,81,80
2024,HND,Honduras,HN,Comayagua,HN03,Siguatepeque,HN0318,64470,55484,119954,6560,5940,6064,7423,7073,6309,5037,4256,3284,2741,2364,2018,1634,1274,947,638,908,6872,6317,6186,6220,5229,4416,3945,3266,2764,2199,1943,1626,1418,1051,786,519,727,13432,12257,12250,13643,12302,10725,8982,7522,6048,4940,4307,3644,3052,2325,1733,1157,1635
2024,HND,Honduras,HN,Comayagua,HN03,Taulabe,HN0321,13716,12931,26647,1247,1184,1314,1484,1394,1209,1148,972,774,635,563,466,358,314,244,180,230,1223,1201,1394,1337,1181,1075,1016,916,698,630,517,451,360,293,252,191,196,2470,2385,2708,2821,2575,2284,2164,1888,1472,1265,1080,917,718,607,496,371,426
2024,HND,Honduras,HN,Comayagua,HN03,Villa de San Antonio,HN0319,14306,13977,28283,1418,1249,1351,1539,1588,1349,1148,997,805,666,543,433,373,293,190,144,220,1467,1391,1384,1487,1374,1351,1131,901,733,631,517,409,350,300,240,133,178,2885,2640,2735,3026,2962,2700,2279,1898,1538,1297,1060,842,723,593,430,277,398
2024,HND,Honduras,HN,Copan,HN04,Cabana,HN0402,8443,9236,17679,939,964,900,832,816,744,655,564,524,360,304,208,167,156,120,76,114,983,987,986,944,939,856,707,639,523,392,331,254,235,151,127,78,104,1922,1951,1886,1776,1755,1600,1362,1203,1047,752,635,462,402,307,247,154,218
2024,HND,Honduras,HN,Copan,HN04,Concepción,HN0403,4936,5143,10079,566,577,537,474,451,425,407,335,296,222,169,120,93,87,56,66,55,554,585,557,470,462,499,450,405,264,222,187,134,78,108,68,52,48,1120,1162,1094,944,913,924,857,740,560,444,356,254,171,195,124,118,103
2024,HND,Honduras,HN,Copan,HN04,Copan Ruinas,HN0404,23029,23014,46043,2598,2489,2411,2284,2225,2043,1847,1586,1307,1063,843,684,543,437,252,187,230,2553,2548,2570,2300,2140,2022,1820,1625,1283,1040,813,702,518,370,303,197,210,5151,5037,4981,4584,4365,4065,3667,3211,2590,2103,1656,1386,1061,807,555,384,440
2024,HND,Honduras,HN,Copan,HN04,Corquin,HN0405,10483,10324,20807,1106,987,995,951,988,980,878,750,583,531,404,379,269,235,186,108,153,1100,1045,1052,1045,929,896,816,716,665,503,438,331,237,212,140,91,108,2206,2032,2047,1996,1917,1876,1694,1466,1248,1034,842,710,506,447,326,199,261
2024,HND,Honduras,HN,Copan,HN04,Cucuyagua,HN0406,9745,10034,19779,937,921,961,935,983,910,810,691,494,478,412,324,273,210,169,98,139,990,1047,954,1076,1147,898,817,680,512,481,338,294,239,201,129,112,119,1927,1968,1915,2011,2130,1808,1627,1371,1006,959,750,618,512,411,298,210,258
2024,HND,Honduras,HN,Copan,HN04,Dolores,HN0407,3497,4283,7780,373,390,354,340,321,306,292,267,190,135,118,96,80,78,65,40,52,432,470,459,424,383,430,332,348,225,187,134,134,85,76,54,43,67,805,860,813,764,704,736,624,615,415,322,252,230,165,154,119,83,119
2024,HND,Honduras,HN,Copan,HN04,Dulce Nombre,HN0408,3921,3483,7404,355,383,381,345,336,358,274,267,217,225,162,135,137,134,81,51,80,356,365,352,370,314,275,261,218,196,144,132,126,99,90,81,53,51,711,748,733,715,650,633,535,485,413,369,294,261,236,224,162,104,131
2024,HND,Honduras,HN,Copan,HN04,El Paraiso,HN0409,10302,10130,20432,1137,1110,1094,1057,964,840,782,667,526,491,394,337,259,234,146,125,139,1180,1142,1136,1048,947,826,798,650,488,437,349,317,245,191,169,94,113,2317,2252,2230,2105,1911,1666,1580,1317,1014,928,743,654,504,425,315,219,252
2024,HND,Honduras,HN,Copan,HN04,Florida,HN0410,15719,15395,31114,1717,1690,1687,1536,1412,1253,1137,1055,887,696,620,488,480,335,287,207,232,1757,1681,1746,1613,1407,1178,1097,971,860,674,595,465,419,310,256,180,186,3474,3371,3433,3149,2819,2431,2234,2026,1747,1370,1215,953,899,645,543,387,418
2024,HND,Honduras,HN,Copan,HN04,La Jigua,HN0411,5123,5176,10299,529,518,588,564,472,366,401,342,241,246,209,177,127,96,95,63,89,501,578,561,605,441,381,364,325,301,271,203,176,126,115,87,56,85,1030,1096,1149,1169,913,747,765,667,542,517,412,353,253,211,182,119,174
2024,HND,Honduras,HN,Copan,HN04,La Union,HN0412,8565,8978,17543,992,816,830,865,873,817,722,620,427,383,268,251,231,168,104,73,125,967,863,938,868,931,868,765,700,439,388,300,281,231,140,130,86,83,1959,1679,1768,1733,1804,1685,1487,1320,866,771,568,532,462,308,234,159,208
2024,HND,Honduras,HN,Copan,HN04,Nueva Arcadia,HN0413,25726,22868,48594,2470,2514,2551,2683,2566,2310,1972,1682,1495,1168,1051,845,699,560,452,316,392,2605,2485,2624,2563,2271,1894,1578,1450,1197,951,837,625,583,406,318,249,232,5075,4999,5175,5246,4837,4204,3550,3132,2692,2119,1888,1470,1282,966,770,565,624
2024,HND,Honduras,HN,Copan,HN04,San Agustin,HN0414,3311,3078,6389,379,387,345,325,331,276,230,190,183,172,120,83,90,56,56,34,54,367,314,315,316,294,289,253,210,172,123,104,95,57,64,24,29,52,746,701,660,641,625,565,483,400,355,295,224,178,147,120,80,63,106
2024,HND,Honduras,HN,Copan,HN04,San Antonio,HN0415,5566,5516,11082,538,605,589,509,452,471,433,374,334,227,231,184,180,134,121,88,96,547,537,656,598,500,417,431,356,303,242,204,183,158,129,98,70,87,1085,1142,1245,1107,952,888,864,730,637,469,435,367,338,263,219,158,183
2024,HND,Honduras,HN,Copan,HN04,San Jeronimo,HN0416,2456,2783,5239,229,250,241,215,184,212,205,186,157,132,92,104,67,51,56,36,39,287,274,281,278,281,221,233,231,156,133,87,65,95,42,38,30,51,516,524,522,493,465,433,438,417,313,265,179,169,162,93,94,66,90
2024,HND,Honduras,HN,Copan,HN04,San Jose,HN0417,3860,3872,7732,326,357,360,346,308,337,296,266,270,180,178,168,126,91,87,73,91,320,391,397,385,309,326,330,257,213,213,147,138,121,116,77,55,77,646,748,757,731,617,663,626,523,483,393,325,306,247,207,164,128,168
2024,HND,Honduras,HN,Copan,HN04,San Juan de Opoa,HN0418,4910,5088,9998,441,456,487,420,431,484,376,367,339,250,201,162,131,123,97,65,80,457,459,545,488,504,456,389,377,310,269,220,166,120,116,84,51,77,898,915,1032,908,935,940,765,744,649,519,421,328,251,239,181,116,157
2024,HND,Honduras,HN,Copan,HN04,San Nicolas,HN0419,4591,4497,9088,429,455,447,405,418,430,334,314,253,250,201,167,132,108,97,71,80,443,421,475,447,431,414,386,260,274,191,184,157,111,121,75,61,46,872,876,922,852,849,844,720,574,527,441,385,324,243,229,172,132,126
2024,HND,Honduras,HN,Copan,HN04,San Pedro,HN0420,4100,4029,8129,379,368,362,376,429,335,376,297,260,199,182,146,129,73,72,59,58,397,385,414,382,392,361,315,270,243,207,181,136,122,80,51,45,48,776,753,776,758,821,696,691,567,503,406,363,282,251,153,123,104,106
2024,HND,Honduras,HN,Copan,HN04,Santa Rita,HN0421,16483,17456,33939,1900,1770,1772,1679,1551,1456,1235,1171,850,739,560,520,393,295,248,186,158,2012,1947,1891,1717,1691,1596,1383,1179,917,748,607,498,390,316,237,159,168,3912,3717,3663,3396,3242,3052,2618,2350,1767,1487,1167,1018,783,611,485,345,326
2024,HND,Honduras,HN,Copan,HN04,Santa Rosa de Copan,HN0401,41566,34599,76165,3447,3434,3620,4360,4273,3954,3542,2959,2513,2132,1758,1452,1162,959,770,561,670,3700,3511,3286,3693,3645,3210,2797,2376,1914,1605,1297,999,800,632,474,310,350,7147,6945,6906,8053,7918,7164,6339,5335,4427,3737,3055,2451,1962,1591,1244,871,1020
2024,HND,Honduras,HN,Copan,HN04,Trinidad de Copan,HN0422,3866,4058,7924,370,395,378,364,301,317,298,264,241,218,162,152,103,106,65,64,68,374,403,422,419,353,326,317,252,254,185,178,137,121,104,91,62,60,744,798,800,783,654,643,615,516,495,403,340,289,224,210,156,126,128
2024,HND,Honduras,HN,Copan,HN04,Veracruz,HN0423,1685,2088,3773,187,173,175,160,133,182,130,127,84,66,63,38,49,42,25,26,25,198,207,201,212,215,235,162,128,123,108,65,67,38,50,40,22,17,385,380,376,372,348,417,292,255,207,174,128,105,87,92,65,48,42
2024,HND,Honduras,HN,Cortes,HN05,Choloma,HN0502,158126,146122,304248,16425,14716,14060,15352,15965,15624,15215,12802,9924,7555,5385,4375,3547,2516,1842,1269,1554,17106,14929,14410,14826,14519,13757,12921,11330,8585,6409,4859,3862,2792,2160,1508,983,1166,33531,29645,28470,30178,30484,29381,28136,24132,18509,13964,10244,8237,6339,4676,3350,2252,2720
2024,HND,Honduras,HN,Cortes,HN05,La Lima,HN0512,48243,43502,91745,3809,3771,4001,4083,4018,3881,4287,4013,3384,2997,2566,1974,1569,1244,1027,693,926,4135,4020,4273,4443,3650,3145,3355,3129,2681,2435,2149,1716,1252,1085,854,488,692,7944,7791,8274,8526,7668,7026,7642,7142,6065,5432,4715,3690,2821,2329,1881,1181,1618
2024,HND,Honduras,HN,Cortes,HN05,Omoa,HN0503,30074,29646,59720,2902,2869,2889,2897,2477,2447,2291,2139,1943,1623,1439,1089,869,714,610,423,453,3057,3027,3218,3229,2675,2224,2032,1853,1579,1472,1272,1106,867,705,551,362,417,5959,5896,6107,6126,5152,4671,4323,3992,3522,3095,2711,2195,1736,1419,1161,785,870
2024,HND,Honduras,HN,Cortes,HN05,Pimienta,HN0504,12808,11507,24315,1488,1241,1211,1208,1144,1102,1165,1025,837,630,458,359,268,235,164,132,141,1334,1230,1269,1211,1031,906,891,887,680,518,436,306,247,195,162,89,115,2822,2471,2480,2419,2175,2008,2056,1912,1517,1148,894,665,515,430,326,221,256
2024,HND,Honduras,HN,Cortes,HN05,Potrerillos,HN0505,13989,13292,27281,1336,1356,1388,1318,1249,1173,1230,1034,904,695,573,460,379,257,285,170,182,1480,1487,1412,1404,1216,1040,974,904,759,650,534,420,306,260,177,123,146,2816,2843,2800,2722,2465,2213,2204,1938,1663,1345,1107,880,685,517,462,293,328
2024,HND,Honduras,HN,Cortes,HN05,Puerto Cortes,HN0506,75103,69288,144391,6566,6239,6715,6675,6453,6375,6556,5918,5098,4528,3513,2853,2218,1835,1406,942,1213,6860,6596,6995,7346,6172,5397,5410,4856,4165,3721,3011,2468,1905,1573,1182,703,928,13426,12835,13710,14021,12625,11772,11966,10774,9263,8249,6524,5321,4123,3408,2588,1645,2141
2024,HND,Honduras,HN,Cortes,HN05,San Antonio de Cortes,HN0507,11364,12129,23493,1261,1174,1160,1012,882,864,847,744,636,591,549,403,369,277,212,198,185,1312,1271,1311,1242,1003,927,856,769,700,580,495,437,395,295,200,165,171,2573,2445,2471,2254,1885,1791,1703,1513,1336,1171,1044,840,764,572,412,363,356
2024,HND,Honduras,HN,Cortes,HN05,San Francisco de Yojoa,HN0508,13449,13027,26476,1345,1289,1280,1154,1169,1121,1078,1083,847,736,546,491,368,266,247,208,221,1405,1264,1413,1394,1108,936,978,927,806,644,551,414,357,245,240,170,175,2750,2553,2693,2548,2277,2057,2056,2010,1653,1380,1097,905,725,511,487,378,396
2024,HND,Honduras,HN,Cortes,HN05,San Manuel,HN0509,41185,38356,79541,3910,3801,3822,3643,3729,3585,3764,3510,2691,2183,1792,1382,1163,785,569,338,518,3925,3859,3983,3969,3497,3273,3213,2698,2273,1989,1560,1331,920,714,431,312,409,7835,7660,7805,7612,7226,6858,6977,6208,4964,4172,3352,2713,2083,1499,1000,650,927
2024,HND,Honduras,HN,Cortes,HN05,San Pedro Sula,HN0501,445584,400004,845588,37111,37029,37482,41224,41387,41880,40929,37893,31448,25829,19669,15170,11641,9167,7136,4572,6017,38581,38542,37454,39957,37032,35131,34416,31395,26733,22150,16979,12672,9716,7028,5239,3136,3843,75692,75571,74936,81181,78419,77011,75345,69288,58181,47979,36648,27842,21357,16195,12375,7708,9860
2024,HND,Honduras,HN,Cortes,HN05,Santa Cruz de Yojoa,HN0510,50731,48894,99625,5265,4677,4907,4785,4586,4279,4092,3894,3096,2693,2161,1897,1355,1086,818,551,589,5540,4673,5156,5262,4465,3900,3723,3419,2787,2296,1848,1731,1281,942,756,531,584,10805,9350,10063,10047,9051,8179,7815,7313,5883,4989,4009,3628,2636,2028,1574,1082,1173
2024,HND,Honduras,HN,Cortes,HN05,Villanueva,HN0511,100917,93364,194281,10356,9691,9325,9580,9510,9527,9803,8530,6642,4820,3700,2737,2182,1631,1232,774,877,10636,9941,9834,9670,8704,7850,8064,7121,5685,4407,3333,2525,2075,1333,895,587,704,20992,19632,19159,19250,18214,17377,17867,15651,12327,9227,7033,5262,4257,2964,2127,1361,1581
2024,HND,Honduras,HN,El Paraiso,HN07,Alauca,HN0702,5007,4915,9922,433,433,457,436,463,474,412,395,312,264,234,155,142,129,114,65,89,440,392,450,448,426,395,443,392,352,275,228,186,152,95,99,52,90,873,825,907,884,889,869,855,787,664,539,462,341,294,224,213,117,179
2024,HND,Honduras,HN,El Paraiso,HN07,Danli,HN0703,121062,116631,237693,11426,10870,11219,11805,12100,11211,9719,8505,7336,6148,5227,4344,3427,2707,1945,1346,1727,12085,11439,11543,11350,11397,10817,9491,8066,6700,5587,4425,3776,3205,2412,1627,1246,1465,23511,22309,22762,23155,23497,22028,19210,16571,14036,11735,9652,8120,6632,5119,3572,2592,3192
2024,HND,Honduras,HN,El Paraiso,HN07,El Paraiso,HN0704,25885,21923,47808,2353,2254,2331,2511,2608,2310,2107,1724,1529,1392,1144,960,776,605,449,364,468,2386,2293,2166,2202,2088,1959,1669,1379,1224,1071,818,765,564,443,346,222,328,4739,4547,4497,4713,4696,4269,3776,3103,2753,2463,1962,1725,1340,1048,795,586,796
2024,HND,Honduras,HN,El Paraiso,HN07,Guinope,HN0705,5158,5091,10249,453,453,466,472,428,406,360,423,338,295,237,224,174,134,117,89,89,454,404,432,465,428,452,427,405,332,305,263,234,162,117,100,53,58,907,857,898,937,856,858,787,828,670,600,500,458,336,251,217,142,147
2024,HND,Honduras,HN,El Paraiso,HN07,Jacaleapa,HN0706,2525,2122,4647,167,173,228,256,201,180,198,143,155,173,147,114,96,80,90,56,68,182,188,197,239,217,140,121,121,112,141,127,86,76,50,43,37,45,349,361,425,495,418,320,319,264,267,314,274,200,172,130,133,93,113
2024,HND,Honduras,HN,El Paraiso,HN07,Liure,HN0707,5388,5687,11075,479,599,542,455,428,370,378,333,297,274,258,230,196,164,130,123,132,480,570,603,572,532,451,428,394,293,253,261,184,178,156,121,86,125,959,1169,1145,1027,960,821,806,727,590,527,519,414,374,320,251,209,257
2024,HND,Honduras,HN,El Paraiso,HN07,Moroceli,HN0708,10153,9777,19930,951,944,909,925,905,865,828,742,635,535,447,380,285,262,217,122,201,942,854,927,919,908,915,774,757,593,505,418,339,229,223,199,126,149,1893,1798,1836,1844,1813,1780,1602,1499,1228,1040,865,719,514,485,416,248,350
2024,HND,Honduras,HN,El Paraiso,HN07,Oropoli,HN0709,2983,3323,6306,264,285,254,258,194,238,261,250,200,147,134,113,114,100,78,43,50,267,304,294,324,258,283,267,279,231,175,128,118,116,90,79,40,70,531,589,548,582,452,521,528,529,431,322,262,231,230,190,157,83,120
2024,HND,Honduras,HN,El Paraiso,HN07,Potrerillos,HN0710,2655,2812,5467,251,247,255,238,218,210,199,204,168,144,98,98,88,73,50,29,85,281,297,256,266,203,238,197,205,202,142,120,125,75,81,55,32,37,532,544,511,504,421,448,396,409,370,286,218,223,163,154,105,61,122
2024,HND,Honduras,HN,El Paraiso,HN07,San Antonio de Flores,HN0711,2754,3363,6117,245,254,305,206,210,211,217,195,158,166,132,123,88,76,63,50,55,275,312,334,294,271,310,309,257,200,161,172,108,108,82,68,60,42,520,566,639,500,481,521,526,452,358,327,304,231,196,158,131,110,97
2024,HND,Honduras,HN,El Paraiso,HN07,San Lucas,HN0712,4241,4533,8774,465,408,407,372,333,336,288,303,235,229,190,161,130,125,105,75,79,431,420,434,463,407,378,340,324,255,227,196,152,150,125,95,52,84,896,828,841,835,740,714,628,627,490,456,386,313,280,250,200,127,163
2024,HND,Honduras,HN,El Paraiso,HN07,San Matias,HN0713,2850,2952,5802,234,231,207,266,251,261,243,198,214,173,154,115,71,69,61,49,53,242,208,274,268,228,282,258,219,202,179,143,133,87,65,65,33,66,476,439,481,534,479,543,501,417,416,352,297,248,158,134,126,82,119
2024,HND,Honduras,HN,El Paraiso,HN07,Soledad,HN0714,4116,5250,9366,315,380,416,372,306,314,312,288,238,227,200,173,156,148,107,74,90,400,478,507,504,449,391,390,377,313,247,276,232,192,160,140,80,114,715,858,923,876,755,705,702,665,551,474,476,405,348,308,247,154,204
2024,HND,Honduras,HN,El Paraiso,HN07,Teupasenti,HN0715,25085,27366,52451,2873,2711,2532,2520,2273,2087,1946,1761,1413,1122,908,795,638,502,412,260,332,2922,2871,2724,2689,2686,2420,2260,1966,1542,1242,1062,901,591,597,389,228,276,5795,5582,5256,5209,4959,4507,4206,3727,2955,2364,1970,1696,1229,1099,801,488,608
2024,HND,Honduras,HN,El Paraiso,HN07,Texiguat,HN0716,4048,4887,8935,377,449,384,328,287,292,281,260,240,215,225,167,154,110,90,73,116,456,465,442,436,450,360,375,367,272,263,240,162,182,150,102,72,93,833,914,826,764,737,652,656,627,512,478,465,329,336,260,192,145,209
2024,HND,Honduras,HN,El Paraiso,HN07,Trojes,HN0719,27896,29985,57881,3438,3223,2991,2866,2752,2494,2145,1878,1441,1184,941,734,604,432,311,231,231,3404,3235,3165,3019,2971,2814,2370,2057,1623,1276,1145,884,675,468,377,245,257,6842,6458,6156,5885,5723,5308,4515,3935,3064,2460,2086,1618,1279,900,688,476,488
2024,HND,Honduras,HN,El Paraiso,HN07,Vado Ancho,HN0717,1840,2341,4181,175,184,186,144,122,133,123,112,131,110,89,51,63,58,76,42,41,204,219,224,204,210,171,196,159,141,126,97,102,77,58,58,47,48,379,403,410,348,332,304,319,271,272,236,186,153,140,116,134,89,89
2024,HND,Honduras,HN,El Paraiso,HN07,Yauyupe,HN0718,697,809,1506,81,51,66,44,47,47,70,42,40,61,21,24,25,28,20,14,16,65,85,79,56,62,76,43,56,57,51,47,19,24,30,20,15,24,146,136,145,100,109,123,113,98,97,112,68,43,49,58,40,29,40
2024,HND,Honduras,HN,El Paraiso,HN07,Yuscaran,HN0701,8769,8669,17438,758,791,706,680,799,744,682,658,593,491,420,375,323,231,176,174,168,771,785,755,811,795,721,672,638,574,496,417,294,287,201,169,118,165,1529,1576,1461,1491,1594,1465,1354,1296,1167,987,837,669,610,432,345,292,333
2024,HND,Honduras,HN,Francisco Morazan,HN08,Alubaren,HN0802,2700,2964,5664,292,328,303,268,203,164,155,181,138,126,125,106,89,79,48,48,47,330,338,368,340,211,209,188,171,163,142,115,110,80,83,57,27,32,622,666,671,608,414,373,343,352,301,268,240,216,169,162,105,75,79
2024,HND,Honduras,HN,Francisco Morazan,HN08,Cedros,HN0803,16134,13879,30013,1625,1487,1489,1462,1277,1271,1273,1183,961,860,759,647,536,421,365,239,279,1513,1349,1396,1281,1054,1052,1062,974,894,691,597,522,428,368,272,202,224,3138,2836,2885,2743,2331,2323,2335,2157,1855,1551,1356,1169,964,789,637,441,503
2024,HND,Honduras,HN,Francisco Morazan,HN08,Curaren,HN0804,10550,11497,22047,1237,1235,1184,1059,984,801,755,712,548,461,422,350,253,227,149,108,65,1405,1320,1371,1206,1189,998,793,669,524,487,374,356,270,226,144,89,76,2642,2555,2555,2265,2173,1799,1548,1381,1072,948,796,706,523,453,293,197,141
2024,HND,Honduras,HN,Francisco Morazan,HN08,Distrito Central,HN0801,708352,633973,1342325,58691,57301,56190,59401,62365,62332,62690,58508,47976,40504,34469,28821,23686,18721,14434,9381,12882,62022,59758,57994,60863,58194,53928,53703,49113,39764,32996,27448,22326,18460,14145,10033,6027,7199,120713,117059,114184,120264,120559,116260,116393,107621,87740,73500,61917,51147,42146,32866,24467,15408,20081
2024,HND,Honduras,HN,Francisco Morazan,HN08,El Porvenir,HN0805,23028,11333,34361,2627,2056,2360,1988,1701,1715,1689,1671,1369,1128,1000,958,719,632,515,365,535,1340,1153,1173,1019,960,817,792,763,696,514,484,427,353,250,253,121,218,3967,3209,3533,3007,2661,2532,2481,2434,2065,1642,1484,1385,1072,882,768,486,753
2024,HND,Honduras,HN,Francisco Morazan,HN08,Guaimaca,HN0806,16984,16486,33470,1835,1731,1641,1623,1401,1351,1381,1309,1052,828,649,572,456,382,290,251,232,2034,1738,1797,1719,1427,1205,1210,1097,993,745,550,516,430,356,260,203,206,3869,3469,3438,3342,2828,2556,2591,2406,2045,1573,1199,1088,886,738,550,454,438
2024,HND,Honduras,HN,Francisco Morazan,HN08,La Libertad,HN0807,1563,1591,3154,139,149,151,156,115,112,79,95,97,90,81,71,46,53,40,47,42,135,128,170,178,143,155,106,99,79,99,72,66,34,40,37,24,26,274,277,321,334,258,267,185,194,176,189,153,137,80,93,77,71,68
2024,HND,Honduras,HN,Francisco Morazan,HN08,La Venta,HN0808,3318,3662,6980,298,273,313,278,213,214,220,231,226,165,192,131,143,133,123,68,97,318,298,361,380,299,248,255,263,206,186,170,151,117,129,98,77,106,616,571,674,658,512,462,475,494,432,351,362,282,260,262,221,145,203
2024,HND,Honduras,HN,Francisco Morazan,HN08,Lepaterique,HN0809,12809,12999,25808,1679,1414,1284,1233,1078,1062,975,871,675,587,475,423,308,275,186,142,142,1726,1421,1362,1295,1214,1082,917,811,694,617,445,399,341,241,178,121,135,3405,2835,2646,2528,2292,2144,1892,1682,1369,1204,920,822,649,516,364,263,277
2024,HND,Honduras,HN,Francisco Morazan,HN08,Maraita,HN0810,3366,4015,7381,320,309,281,224,246,270,256,254,220,190,160,160,142,108,89,78,59,357,357,352,338,326,316,292,293,250,217,221,180,149,134,98,63,72,677,666,633,562,572,586,548,547,470,407,381,340,291,242,187,141,131
2024,HND,Honduras,HN,Francisco Morazan,HN08,Marale,HN0811,4384,4942,9326,542,490,497,340,309,291,291,291,231,219,176,184,141,120,93,58,111,623,538,612,486,360,355,303,304,264,239,176,173,124,133,94,59,99,1165,1028,1109,826,669,646,594,595,495,458,352,357,265,253,187,117,210
2024,HND,Honduras,HN,Francisco Morazan,HN08,Nueva Armenia,HN0812,2227,2420,4647,177,181,155,160,117,159,135,137,160,126,116,120,132,106,103,71,72,165,219,183,198,174,180,162,150,144,121,144,129,117,94,88,63,89,342,400,338,358,291,339,297,287,304,247,260,249,249,200,191,134,161
2024,HND,Honduras,HN,Francisco Morazan,HN08,Ojojona,HN0813,6006,6075,12081,615,621,560,512,461,495,472,360,370,347,263,236,207,150,136,98,103,619,626,593,609,542,510,464,416,341,292,268,215,200,141,72,89,78,1234,1247,1153,1121,1003,1005,936,776,711,639,531,451,407,291,208,187,181
2024,HND,Honduras,HN,Francisco Morazan,HN08,Orica,HN0814,8080,8074,16154,879,873,931,674,591,634,599,525,486,399,361,303,264,192,153,100,116,956,957,932,776,601,538,528,522,509,392,294,281,240,192,138,100,118,1835,1830,1863,1450,1192,1172,1127,1047,995,791,655,584,504,384,291,200,234
2024,HND,Honduras,HN,Francisco Morazan,HN08,Reitoca,HN0815,5105,5867,10972,568,530,579,497,425,361,292,314,285,239,216,188,180,166,91,92,82,594,669,659,573,525,464,350,328,330,265,248,222,166,176,114,76,108,1162,1199,1238,1070,950,825,642,642,615,504,464,410,346,342,205,168,190
2024,HND,Honduras,HN,Francisco Morazan,HN08,Sabanagrande,HN0816,12027,12273,24300,1089,1090,1077,1071,1072,1024,896,786,736,685,546,452,389,316,278,231,289,1208,1160,1175,1122,1138,1026,952,858,731,621,574,449,399,286,219,162,193,2297,2250,2252,2193,2210,2050,1848,1644,1467,1306,1120,901,788,602,497,393,482
2024,HND,Honduras,HN,Francisco Morazan,HN08,San Antonio de Oriente,HN0817,8237,8448,16685,751,685,668,746,797,766,725,597,534,513,362,346,240,196,136,81,94,864,783,792,759,862,771,711,609,499,414,378,307,194,211,142,67,85,1615,1468,1460,1505,1659,1537,1436,1206,1033,927,740,653,434,407,278,148,179
2024,HND,Honduras,HN,Francisco Morazan,HN08,San Buenaventura,HN0818,1817,1724,3541,165,157,122,162,133,155,127,116,83,113,91,93,78,91,58,29,44,143,162,157,139,141,126,127,136,104,108,90,73,49,52,62,25,30,308,319,279,301,274,281,254,252,187,221,181,166,127,143,120,54,74
2024,HND,Honduras,HN,Francisco Morazan,HN08,San Ignacio,HN0819,4906,4808,9714,452,402,415,380,333,380,346,379,311,270,269,239,200,168,142,108,112,476,463,451,426,358,312,335,342,301,235,234,204,182,156,124,89,120,928,865,866,806,691,692,681,721,612,505,503,443,382,324,266,197,232
2024,HND,Honduras,HN,Francisco Morazan,HN08,San Juan de Flores,HN0820,9621,10301,19922,1086,1082,1058,784,765,772,766,686,526,450,383,296,278,244,184,118,143,1187,1131,1103,971,855,805,801,695,596,494,397,343,241,225,202,129,126,2273,2213,2161,1755,1620,1577,1567,1381,1122,944,780,639,519,469,386,247,269
2024,HND,Honduras,HN,Francisco Morazan,HN08,San Miguelito,HN0821,1039,1050,2089,104,119,113,88,79,68,52,45,73,46,48,45,44,29,47,15,24,125,96,125,89,77,78,59,69,50,57,54,42,41,29,22,14,23,229,215,238,177,156,146,111,114,123,103,102,87,85,58,69,29,47
2024,HND,Honduras,HN,Francisco Morazan,HN08,Santa Ana,HN0822,9249,9308,18557,852,758,739,754,810,826,872,791,582,526,452,361,280,192,180,141,133,938,895,777,788,853,867,860,800,535,486,395,372,237,163,155,87,100,1790,1653,1516,1542,1663,1693,1732,1591,1117,1012,847,733,517,355,335,228,233
2024,HND,Honduras,HN,Francisco Morazan,HN08,Santa Lucia,HN0823,9968,9326,19294,885,835,861,862,865,778,922,808,750,536,471,341,354,246,178,131,145,820,872,871,806,854,752,774,780,621,573,422,327,268,237,159,104,86,1705,1707,1732,1668,1719,1530,1696,1588,1371,1109,893,668,622,483,337,235,231
2024,HND,Honduras,HN,Francisco Morazan,HN08,Talanga,HN0824,20104,19741,39845,2149,2024,2003,1916,1637,1576,1498,1445,1243,947,821,721,645,568,362,269,280,2270,2092,2102,2029,1707,1436,1407,1381,1113,936,741,628,593,446,367,208,285,4419,4116,4105,3945,3344,3012,2905,2826,2356,1883,1562,1349,1238,1014,729,477,565
2024,HND,Honduras,HN,Francisco Morazan,HN08,Tatumbla,HN0825,4781,4978,9759,476,369,370,436,455,429,449,404,329,234,194,180,150,108,87,56,55,467,435,418,474,473,468,463,425,324,261,199,164,130,110,73,48,46,943,804,788,910,928,897,912,829,653,495,393,344,280,218,160,104,101
2024,HND,Honduras,HN,Francisco Morazan,HN08,Valle de Angeles,HN0826,11794,11359,23153,1175,1091,1061,929,1000,980,1083,990,762,605,519,464,323,237,232,150,193,1178,1119,1087,1036,969,1027,1014,841,692,599,478,376,287,215,177,133,131,2353,2210,2148,1965,1969,2007,2097,1831,1454,1204,997,840,610,452,409,283,324
2024,HND,Honduras,HN,Francisco Morazan,HN08,Vallecillo,HN0828,4901,4715,9616,540,429,500,448,370,373,336,374,343,253,217,162,133,142,129,76,76,541,438,499,454,351,320,332,322,279,262,176,215,160,127,105,74,60,1081,867,999,902,721,693,668,696,622,515,393,377,293,269,234,150,136
2024,HND,Honduras,HN,Francisco Morazan,HN08,Villa de San Francisco,HN0827,6121,6187,12308,655,592,592,515,474,509,490,475,383,295,276,206,173,156,146,92,92,658,647,656,608,459,486,509,442,373,292,243,216,174,142,114,78,90,1313,1239,1248,1123,933,995,999,917,756,587,519,422,347,298,260,170,182
2024,HND,Honduras,HN,Gracias a Dios,HN09,Ahuas,HN0903,5071,4744,9815,550,541,531,465,452,436,413,346,277,285,184,164,158,95,63,34,77,596,535,577,507,462,395,292,303,193,204,160,141,115,115,62,39,48,1146,1076,1108,972,914,831,705,649,470,489,344,305,273,210,125,73,125
2024,HND,Honduras,HN,Gracias a Dios,HN09,Brus Laguna,HN0902,8328,7759,16087,921,927,848,810,790,734,675,599,461,330,316,250,210,165,120,92,80,1032,917,881,838,696,646,559,504,383,316,252,219,130,133,102,89,62,1953,1844,1729,1648,1486,1380,1234,1103,844,646,568,469,340,298,222,181,142
2024,HND,Honduras,HN,Gracias a Dios,HN09,Juan Francisco  Bulnes,HN0904,3139,3407,6546,340,351,310,315,252,310,290,213,155,137,125,81,62,74,46,32,46,344,372,377,339,299,258,310,272,176,148,141,127,50,76,51,34,33,684,723,687,654,551,568,600,485,331,285,266,208,112,150,97,66,79
2024,HND,Honduras,HN,Gracias a Dios,HN09,Puerto Lempira,HN0901,32434,30606,63040,3552,3348,3370,3495,3547,3301,2791,2278,1813,1337,1016,812,578,430,307,216,243,3657,3505,3384,3222,3150,2890,2503,1989,1632,1239,949,720,633,383,311,177,262,7209,6853,6754,6717,6697,6191,5294,4267,3445,2576,1965,1532,1211,813,618,393,505
2024,HND,Honduras,HN,Gracias a Dios,HN09,Ramón Villeda Morales,HN0905,5276,5262,10538,561,554,555,563,552,509,460,396,264,234,175,119,113,66,66,30,59,536,587,582,597,503,433,435,392,304,241,185,133,116,88,45,31,54,1097,1141,1137,1160,1055,942,895,788,568,475,360,252,229,154,111,61,113
2024,HND,Honduras,HN,Gracias a Dios,HN09,Wampusirpi,HN0906,3063,3233,6296,400,330,304,332,309,270,222,222,167,140,98,82,53,64,30,19,21,414,382,361,405,305,286,217,219,172,119,102,67,54,35,31,37,27,814,712,665,737,614,556,439,441,339,259,200,149,107,99,61,56,48
2024,HND,Honduras,HN,Intibuca,HN10,Camasca,HN1002,3734,3639,7373,332,384,365,340,329,299,269,241,235,170,161,155,112,91,85,65,101,361,360,381,376,285,284,227,259,196,215,147,143,111,93,72,51,78,693,744,746,716,614,583,496,500,431,385,308,298,223,184,157,116,179
2024,HND,Honduras,HN,Intibuca,HN10,Colomoncagua,HN1003,9854,9611,19465,976,1063,1080,960,847,728,722,677,542,495,413,339,273,237,189,142,171,1007,1049,1136,1020,816,723,683,613,483,433,389,313,284,192,154,125,191,1983,2112,2216,1980,1663,1451,1405,1290,1025,928,802,652,557,429,343,267,362
2024,HND,Honduras,HN,Intibuca,HN10,Concepcion,HN1004,6283,5663,11946,526,596,676,524,562,507,400,401,331,327,310,273,214,184,167,120,165,588,576,698,561,443,338,336,322,279,325,258,207,192,129,145,107,159,1114,1172,1374,1085,1005,845,736,723,610,652,568,480,406,313,312,227,324
2024,HND,Honduras,HN,Intibuca,HN10,Dolores,HN1005,2907,3349,6256,309,323,342,298,282,236,236,182,170,129,111,80,62,64,37,33,13,356,376,352,348,321,312,291,238,209,112,108,99,79,44,38,37,29,665,699,694,646,603,548,527,420,379,241,219,179,141,108,75,70,42
2024,HND,Honduras,HN,Intibuca,HN10,Intibuca,HN1006,38000,33477,71477,3886,3829,3739,3999,4147,3679,3175,2645,2121,1562,1290,1075,853,659,523,425,393,4096,3993,3832,3612,3568,3087,2639,2094,1551,1173,1024,814,628,483,372,242,269,7982,7822,7571,7611,7715,6766,5814,4739,3672,2735,2314,1889,1481,1142,895,667,662
2024,HND,Honduras,HN,Intibuca,HN10,Jesus de Otoro,HN1007,17681,16920,34601,1863,1779,1716,1747,1793,1635,1416,1190,973,753,633,514,483,376,290,197,323,2039,1850,1784,1726,1630,1461,1241,1117,947,735,533,468,396,304,270,161,258,3902,3629,3500,3473,3423,3096,2657,2307,1920,1488,1166,982,879,680,560,358,581
2024,HND,Honduras,HN,Intibuca,HN10,La Esperanza,HN1001,9837,6904,16741,841,877,915,1119,1037,924,784,628,588,494,402,319,266,233,176,120,114,806,849,815,827,697,545,464,365,340,279,214,207,165,131,65,79,56,1647,1726,1730,1946,1734,1469,1248,993,928,773,616,526,431,364,241,199,170
2024,HND,Honduras,HN,Intibuca,HN10,Magdalena,HN1008,2412,2332,4744,209,194,196,241,229,199,192,180,186,125,120,83,72,43,61,34,48,245,223,270,217,225,177,100,125,166,131,113,86,67,58,55,26,48,454,417,466,458,454,376,292,305,352,256,233,169,139,101,116,60,96
2024,HND,Honduras,HN,Intibuca,HN10,Masaguara,HN1009,9269,9056,18325,1023,949,1002,953,851,869,752,680,482,402,353,267,215,176,105,73,117,1002,964,1042,943,835,769,715,631,478,399,347,269,228,174,104,74,82,2025,1913,2044,1896,1686,1638,1467,1311,960,801,700,536,443,350,209,147,199
2024,HND,Honduras,HN,Intibuca,HN10,San Antonio,HN1010,3067,2919,5986,279,237,291,277,298,249,213,205,137,179,128,145,98,105,91,62,73,305,285,349,282,254,215,214,158,141,135,121,96,84,73,66,58,83,584,522,640,559,552,464,427,363,278,314,249,241,182,178,157,120,156
2024,HND,Honduras,HN,Intibuca,HN10,San Francisco de Opalaca,HN1017,6955,7605,14560,892,864,791,704,642,596,573,432,378,316,177,173,133,116,68,65,35,783,876,806,642,753,805,637,600,405,390,219,223,145,135,79,66,41,1675,1740,1597,1346,1395,1401,1210,1032,783,706,396,396,278,251,147,131,76
2024,HND,Honduras,HN,Intibuca,HN10,San Isidro,HN1011,2659,2960,5619,342,287,298,264,253,234,220,180,141,137,76,63,50,35,42,20,17,299,295,316,308,291,254,274,224,151,141,139,89,53,47,32,22,25,641,582,614,572,544,488,494,404,292,278,215,152,103,82,74,42,42
2024,HND,Honduras,HN,Intibuca,HN10,San Juan,HN1012,8353,7854,16207,1029,932,812,870,880,851,691,545,362,347,264,213,191,142,85,40,99,1087,934,919,786,762,731,634,487,361,249,261,202,151,106,75,52,57,2116,1866,1731,1656,1642,1582,1325,1032,723,596,525,415,342,248,160,92,156
2024,HND,Honduras,HN,Intibuca,HN10,San Marcos de Sierra,HN1013,4869,5545,10414,567,613,537,436,389,488,397,296,235,229,194,134,120,93,71,36,34,646,652,597,548,484,525,470,380,306,278,187,141,106,85,62,49,29,1213,1265,1134,984,873,1013,867,676,541,507,381,275,226,178,133,85,63
2024,HND,Honduras,HN,Intibuca,HN10,San Miguelito,HN1014,4833,5122,9955,564,537,571,462,491,480,355,323,263,203,179,112,77,81,54,50,31,591,574,545,532,504,503,455,343,290,211,125,142,116,76,48,50,17,1155,1111,1116,994,995,983,810,666,553,414,304,254,193,157,102,100,48
2024,HND,Honduras,HN,Intibuca,HN10,Santa Lucia,HN1015,3123,2683,5806,328,272,303,329,293,241,214,246,173,161,126,92,121,72,61,36,55,337,331,326,281,201,180,159,159,140,96,112,70,64,76,73,36,42,665,603,629,610,494,421,373,405,313,257,238,162,185,148,134,72,97
2024,HND,Honduras,HN,Intibuca,HN10,Yamaranguila,HN1016,12153,12243,24396,1381,1315,1257,1103,1176,1130,1025,875,683,540,419,357,247,205,192,128,120,1377,1415,1315,1275,1115,1245,1011,887,667,452,428,287,223,211,148,95,92,2758,2730,2572,2378,2291,2375,2036,1762,1350,992,847,644,470,416,340,223,212
2024,HND,Honduras,HN,Islas de La Bahia,HN11,Guanaja,HN1102,3198,3153,6351,279,293,282,268,266,219,253,243,215,210,157,125,137,88,73,46,44,278,298,332,257,302,250,232,216,172,160,160,122,141,93,73,36,31,557,591,614,525,568,469,485,459,387,370,317,247,278,181,146,82,75
2024,HND,Honduras,HN,Islas de La Bahia,HN11,Jose Santos Guardiola,HN1103,6567,6293,12860,640,608,629,659,604,551,484,480,446,337,318,270,188,107,109,53,84,715,669,701,670,515,514,453,395,359,319,262,236,146,124,102,41,72,1355,1277,1330,1329,1119,1065,937,875,805,656,580,506,334,231,211,94,156
2024,HND,Honduras,HN,Islas de La Bahia,HN11,Roatan,HN1101,29899,27901,57800,3229,3008,2965,2925,2904,2835,2648,2314,1798,1491,1101,837,594,535,303,181,231,3317,3070,2905,2826,2600,2397,2266,1995,1636,1319,1015,780,614,471,293,204,193,6546,6078,5870,5751,5504,5232,4914,4309,3434,2810,2116,1617,1208,1006,596,385,424
2024,HND,Honduras,HN,Islas de La Bahia,HN11,Utila,HN1104,2856,2507,5363,218,288,264,236,234,230,221,208,211,141,129,107,129,67,57,62,54,225,270,244,231,200,150,175,180,160,137,98,98,93,85,55,44,62,443,558,508,467,434,380,396,388,371,278,227,205,222,152,112,106,116
2024,HND,Honduras,HN,La Paz,HN12,Aguanqueterique,HN1202,2612,2613,5225,206,212,239,243,245,260,220,149,160,124,135,98,89,79,54,46,53,218,234,266,271,247,222,180,178,140,133,123,99,93,72,58,35,44,424,446,505,514,492,482,400,327,300,257,258,197,182,151,112,81,97
2024,HND,Honduras,HN,La Paz,HN12,Cabanas,HN1203,2039,2179,4218,239,236,222,203,161,163,166,151,124,97,64,61,44,35,26,23,24,270,252,280,219,147,168,133,181,152,89,65,78,47,44,28,16,10,509,488,502,422,308,331,299,332,276,186,129,139,91,79,54,39,34
2024,HND,Honduras,HN,La Paz,HN12,Cane,HN1204,2943,2321,5264,246,240,268,275,262,237,210,180,197,142,114,117,108,107,91,56,93,245,235,250,274,212,137,179,138,128,109,85,96,51,53,27,53,49,491,475,518,549,474,374,389,318,325,251,199,213,159,160,118,109,142
2024,HND,Honduras,HN,La Paz,HN12,Chinacla,HN1205,4520,4738,9258,536,498,476,449,460,409,363,307,274,215,115,132,92,62,57,35,40,544,546,564,486,506,424,404,290,240,211,140,117,93,58,50,36,29,1080,1044,1040,935,966,833,767,597,514,426,255,249,185,120,107,71,69
2024,HND,Honduras,HN,La Paz,HN12,Guajiquiro,HN1206,8345,8198,16543,794,776,817,778,753,705,660,576,501,421,354,312,281,242,157,111,107,803,905,862,722,713,720,659,591,472,415,375,257,219,195,128,74,88,1597,1681,1679,1500,1466,1425,1319,1167,973,836,729,569,500,437,285,185,195
2024,HND,Honduras,HN,La Paz,HN12,La Paz,HN1201,30620,26358,56978,2773,2632,2770,3281,3173,2854,2503,2141,1746,1517,1268,1016,824,707,535,446,434,2905,2578,2733,2905,2776,2554,2030,1799,1419,1084,885,714,584,459,375,251,307,5678,5210,5503,6186,5949,5408,4533,3940,3165,2601,2153,1730,1408,1166,910,697,741
2024,HND,Honduras,HN,La Paz,HN12,Lauterique,HN1207,1607,1615,3222,130,141,134,131,152,115,114,119,96,105,69,72,52,61,49,38,29,132,125,150,142,144,178,127,104,94,81,70,63,56,45,39,37,28,262,266,284,273,296,293,241,223,190,186,139,135,108,106,88,75,57
2024,HND,Honduras,HN,La Paz,HN12,Marcala,HN1208,18531,17069,35600,1877,1784,1762,1859,1946,1718,1439,1333,1047,877,761,572,495,348,255,174,284,1936,1855,1739,1782,1835,1567,1367,1130,897,757,555,445,381,295,195,143,190,3813,3639,3501,3641,3781,3285,2806,2463,1944,1634,1316,1017,876,643,450,317,474
2024,HND,Honduras,HN,La Paz,HN12,Mercedes de Oriente,HN1209,634,602,1236,70,70,69,65,53,43,28,45,53,24,25,27,15,21,7,8,11,69,75,72,61,67,51,37,28,31,18,33,9,20,10,8,6,7,139,145,141,126,120,94,65,73,84,42,58,36,35,31,15,14,18
2024,HND,Honduras,HN,La Paz,HN12,Opatoro,HN1210,4189,4238,8427,320,399,407,337,295,328,327,280,293,251,235,148,148,116,122,79,104,363,427,431,383,387,353,325,285,236,250,208,154,137,101,94,52,52,683,826,838,720,682,681,652,565,529,501,443,302,285,217,216,131,156
2024,HND,Honduras,HN,La Paz,HN12,San Antonio del Norte,HN1211,1590,1509,3099,127,154,123,124,134,114,105,104,95,86,99,80,58,52,49,35,51,137,128,153,116,136,110,91,82,64,69,93,46,74,63,56,29,62,264,282,276,240,270,224,196,186,159,155,192,126,132,115,105,64,113
2024,HND,Honduras,HN,La Paz,HN12,San Jose,HN1212,5017,4346,9363,519,549,542,511,465,467,427,380,264,200,163,173,109,86,79,37,46,485,538,498,526,384,372,344,264,227,174,146,113,72,73,50,47,33,1004,1087,1040,1037,849,839,771,644,491,374,309,286,181,159,129,84,79
2024,HND,Honduras,HN,La Paz,HN12,San Juan,HN1213,1361,1429,2790,115,157,123,122,128,130,73,99,63,91,55,39,36,40,42,21,27,156,162,155,156,127,95,98,87,83,50,53,41,34,27,32,35,38,271,319,278,278,255,225,171,186,146,141,108,80,70,67,74,56,65
2024,HND,Honduras,HN,La Paz,HN12,San Pedro de Tutule,HN1214,4223,4221,8444,442,418,425,384,429,396,354,258,240,191,167,144,109,88,61,41,76,500,488,466,444,388,389,329,296,211,183,134,115,91,63,54,23,47,942,906,891,828,817,785,683,554,451,374,301,259,200,151,115,64,123
2024,HND,Honduras,HN,La Paz,HN12,Santa Ana,HN1215,6849,6920,13769,823,813,770,613,619,584,468,474,406,334,233,195,175,95,101,59,87,783,802,843,755,655,518,567,459,366,297,234,188,139,128,103,55,28,1606,1615,1613,1368,1274,1102,1035,933,772,631,467,383,314,223,204,114,115
2024,HND,Honduras,HN,La Paz,HN12,Santa Elena,HN1216,7202,7369,14571,857,896,827,788,691,655,495,505,338,300,222,197,135,104,75,62,55,843,886,854,746,652,600,614,548,393,332,240,211,158,91,78,52,71,1700,1782,1681,1534,1343,1255,1109,1053,731,632,462,408,293,195,153,114,126
2024,HND,Honduras,HN,La Paz,HN12,Santa Maria,HN1217,6376,6172,12548,701,704,675,583,609,518,562,418,347,307,250,169,164,126,105,54,84,717,716,695,634,537,579,504,378,315,214,216,187,151,112,87,57,73,1418,1420,1370,1217,1146,1097,1066,796,662,521,466,356,315,238,192,111,157
2024,HND,Honduras,HN,La Paz,HN12,Santiago de Puringla,HN1218,8924,9261,18185,989,906,940,896,882,796,765,617,474,353,307,290,229,161,116,99,104,1077,1010,1004,978,825,914,712,631,513,380,292,269,233,160,104,71,88,2066,1916,1944,1874,1707,1710,1477,1248,987,733,599,559,462,321,220,170,192
2024,HND,Honduras,HN,La Paz,HN12,Yarula,HN1219,5273,5292,10565,618,578,622,587,532,459,390,345,293,207,181,137,104,90,46,32,52,623,592,646,527,460,475,441,394,271,225,166,152,89,92,48,40,51,1241,1170,1268,1114,992,934,831,739,564,432,347,289,193,182,94,72,103
2024,HND,Honduras,HN,Lempira,HN13,Belen,HN1302,4684,4872,9556,536,483,501,517,539,418,371,273,224,204,196,106,108,67,51,37,53,572,501,502,517,488,471,401,314,247,180,182,129,133,87,66,28,54,1108,984,1003,1034,1027,889,772,587,471,384,378,235,241,154,117,65,107
2024,HND,Honduras,HN,Lempira,HN13,Candelaria,HN1303,3737,3373,7110,356,371,412,366,324,302,287,233,219,161,138,140,121,93,70,53,91,343,400,366,359,293,245,235,205,183,160,135,108,93,92,75,35,46,699,771,778,725,617,547,522,438,402,321,273,248,214,185,145,88,137
2024,HND,Honduras,HN,Lempira,HN13,Cololaca,HN1304,6236,5859,12095,562,599,662,696,645,656,431,466,343,276,267,183,120,107,89,64,70,530,577,537,615,561,617,519,412,365,269,236,161,133,85,95,54,93,1092,1176,1199,1311,1206,1273,950,878,708,545,503,344,253,192,184,118,163
2024,HND,Honduras,HN,Lempira,HN13,Erandique,HN1305,8645,8565,17210,897,947,917,885,807,809,624,581,448,340,288,298,237,188,140,123,116,931,982,959,852,856,786,698,565,451,366,287,241,195,151,111,62,72,1828,1929,1876,1737,1663,1595,1322,1146,899,706,575,539,432,339,251,185,188
2024,HND,Honduras,HN,Lempira,HN13,Gracias,HN1301,32642,30220,62862,3381,3208,3153,3788,3747,3109,2607,2108,1609,1268,1114,949,800,557,450,369,425,3569,3373,3178,3352,3150,3044,2427,1990,1433,1154,883,766,610,475,290,220,306,6950,6581,6331,7140,6897,6153,5034,4098,3042,2422,1997,1715,1410,1032,740,589,731
2024,HND,Honduras,HN,Lempira,HN13,Gualcince,HN1306,6406,6235,12641,701,650,678,657,631,539,436,462,361,304,258,187,162,108,120,69,83,679,642,711,646,605,493,453,406,401,290,254,176,146,115,70,70,78,1380,1292,1389,1303,1236,1032,889,868,762,594,512,363,308,223,190,139,161
2024,HND,Honduras,HN,Lempira,HN13,Guarita,HN1307,4608,4550,9158,393,414,478,442,429,411,371,305,280,236,206,156,135,118,85,69,80,397,461,494,500,379,409,354,283,268,207,169,163,138,102,95,50,81,790,875,972,942,808,820,725,588,548,443,375,319,273,220,180,119,161
2024,HND,Honduras,HN,Lempira,HN13,La Campa,HN1308,4461,4740,9201,623,517,464,404,463,400,323,269,182,173,159,145,89,74,82,40,54,671,585,478,423,481,433,386,308,216,164,153,147,104,59,65,30,37,1294,1102,942,827,944,833,709,577,398,337,312,292,193,133,147,70,91
2024,HND,Honduras,HN,Lempira,HN13,La Iguala,HN1309,16296,17075,33371,1987,1905,1748,1750,1653,1473,1275,1061,783,661,479,420,347,268,194,123,169,2125,1933,1926,1684,1666,1648,1405,1175,860,698,519,428,330,255,178,134,111,4112,3838,3674,3434,3319,3121,2680,2236,1643,1359,998,848,677,523,372,257,280
2024,HND,Honduras,HN,Lempira,HN13,La Union,HN1311,7919,8270,16189,822,745,856,816,792,734,703,531,389,340,273,215,195,191,125,97,95,858,803,875,869,841,853,680,563,454,369,274,215,162,159,128,82,85,1680,1548,1731,1685,1633,1587,1383,1094,843,709,547,430,357,350,253,179,180
2024,HND,Honduras,HN,Lempira,HN13,La Virtud,HN1312,3477,3273,6750,295,272,340,407,370,280,262,221,230,201,160,111,64,92,81,39,52,304,287,394,387,288,286,210,203,206,144,148,107,103,54,56,48,48,599,559,734,794,658,566,472,424,436,345,308,218,167,146,137,87,100
2024,HND,Honduras,HN,Lempira,HN13,Las Flores,HN1310,5648,5648,11296,559,498,590,556,610,535,482,396,305,239,177,186,164,132,78,76,65,605,518,566,542,579,546,491,405,330,244,201,157,127,98,94,73,72,1164,1016,1156,1098,1189,1081,973,801,635,483,378,343,291,230,172,149,137
2024,HND,Honduras,HN,Lempira,HN13,Lepaera,HN1313,21505,21205,42710,2254,2201,2356,2251,2115,1970,1662,1391,1078,933,736,667,571,462,339,238,281,2313,2304,2495,2188,2127,1824,1646,1435,1104,945,699,559,481,373,296,199,217,4567,4505,4851,4439,4242,3794,3308,2826,2182,1878,1435,1226,1052,835,635,437,498
2024,HND,Honduras,HN,Lempira,HN13,Mapulaca,HN1314,2386,2086,4472,218,212,241,271,250,195,183,173,157,91,83,76,67,42,39,32,56,195,210,262,237,217,150,129,128,91,104,92,60,59,53,43,17,39,413,422,503,508,467,345,312,301,248,195,175,136,126,95,82,49,95
2024,HND,Honduras,HN,Lempira,HN13,Piraera,HN1315,7762,7877,15639,964,1017,862,741,611,628,526,448,418,352,293,218,191,166,151,71,105,988,1055,941,758,640,623,546,510,406,309,283,228,156,153,110,68,103,1952,2072,1803,1499,1251,1251,1072,958,824,661,576,446,347,319,261,139,208
2024,HND,Honduras,HN,Lempira,HN13,San Andres,HN1316,7719,7791,15510,865,945,817,799,805,687,543,556,379,314,270,246,144,135,71,55,88,922,881,861,815,791,763,601,509,387,308,255,221,150,135,80,61,51,1787,1826,1678,1614,1596,1450,1144,1065,766,622,525,467,294,270,151,116,139
2024,HND,Honduras,HN,Lempira,HN13,San Francisco,HN1317,4790,4765,9555,401,509,561,518,424,393,355,294,330,211,157,160,127,96,85,70,99,441,541,579,533,435,366,332,287,275,248,179,155,113,95,67,56,63,842,1050,1140,1051,859,759,687,581,605,459,336,315,240,191,152,126,162
2024,HND,Honduras,HN,Lempira,HN13,San Juan Guarita,HN1318,1442,1417,2859,73,105,166,184,146,133,128,89,84,65,52,51,50,49,16,15,36,118,144,164,138,129,129,117,99,79,55,60,41,38,30,32,16,28,191,249,330,322,275,262,245,188,163,120,112,92,88,79,48,31,64
2024,HND,Honduras,HN,Lempira,HN13,San Manuel Colohete,HN1319,8090,8888,16978,856,947,960,780,781,708,636,542,401,361,259,223,177,177,120,88,74,937,1090,1069,935,844,766,657,638,434,372,298,229,216,139,106,73,85,1793,2037,2029,1715,1625,1474,1293,1180,835,733,557,452,393,316,226,161,159
2024,HND,Honduras,HN,Lempira,HN13,San Marcos de Caiquin,HN1328,3415,3576,6991,420,404,384,333,355,309,241,222,180,150,145,66,62,45,56,10,33,426,392,384,367,390,310,259,245,209,158,120,124,50,59,30,20,33,846,796,768,700,745,619,500,467,389,308,265,190,112,104,86,30,66
2024,HND,Honduras,HN,Lempira,HN13,San Rafael,HN1320,7462,7754,15216,846,722,762,726,717,704,564,428,401,369,285,229,188,154,144,81,142,873,771,793,736,760,725,732,553,408,303,268,213,219,140,76,82,102,1719,1493,1555,1462,1477,1429,1296,981,809,672,553,442,407,294,220,163,244
2024,HND,Honduras,HN,Lempira,HN13,San Sebastian,HN1321,6041,6701,12742,747,779,678,623,583,507,438,379,305,282,178,137,133,97,73,57,45,708,803,816,684,674,591,530,463,315,293,232,158,149,98,84,61,42,1455,1582,1494,1307,1257,1098,968,842,620,575,410,295,282,195,157,118,87
2024,HND,Honduras,HN,Lempira,HN13,Santa Cruz,HN1322,4306,4344,8650,527,531,469,443,383,340,370,245,218,181,134,113,103,113,61,39,36,521,539,499,395,401,420,322,295,220,207,111,116,83,92,62,32,29,1048,1070,968,838,784,760,692,540,438,388,245,229,186,205,123,71,65
2024,HND,Honduras,HN,Lempira,HN13,Talgua,HN1323,6004,6150,12154,580,572,600,638,600,539,479,378,373,258,261,201,173,113,87,72,80,619,579,670,589,648,570,541,440,344,262,240,189,144,115,84,48,68,1199,1151,1270,1227,1248,1109,1020,818,717,520,501,390,317,228,171,120,148
2024,HND,Honduras,HN,Lempira,HN13,Tambla,HN1324,1891,1956,3847,200,186,204,168,178,176,121,136,122,84,64,64,55,41,34,31,27,187,209,214,187,193,200,138,129,134,85,58,58,40,39,39,18,28,387,395,418,355,371,376,259,265,256,169,122,122,95,80,73,49,55
2024,HND,Honduras,HN,Lempira,HN13,Tomala,HN1325,3578,3567,7145,399,437,411,343,376,306,249,227,170,162,145,106,70,59,38,46,34,386,369,389,409,325,298,312,236,200,156,114,124,88,51,41,36,33,785,806,800,752,701,604,561,463,370,318,259,230,158,110,79,82,67
2024,HND,Honduras,HN,Lempira,HN13,Valladolid,HN1326,2034,1984,4018,169,171,203,186,206,181,150,144,135,102,88,74,55,41,48,30,51,165,157,201,217,191,164,145,130,129,95,111,80,55,54,30,29,31,334,328,404,403,397,345,295,274,264,197,199,154,110,95,78,59,82
2024,HND,Honduras,HN,Lempira,HN13,Virginia,HN1327,1427,1323,2750,103,118,140,125,127,105,98,119,91,72,81,47,46,48,44,26,37,138,123,142,129,127,86,80,77,79,70,65,41,22,47,37,26,34,241,241,282,254,254,191,178,196,170,142,146,88,68,95,81,52,71
2024,HND,Honduras,HN,Ocotepeque,HN14,Belen Gualcho,HN1402,9145,9442,18587,1008,1038,998,846,783,737,738,673,491,402,379,301,208,201,131,108,103,1024,1110,1035,908,811,823,815,682,508,400,354,283,229,150,112,99,99,2032,2148,2033,1754,1594,1560,1553,1355,999,802,733,584,437,351,243,207,202
2024,HND,Honduras,HN,Ocotepeque,HN14,Concepcion,HN1403,3070,3052,6122,297,318,261,288,281,303,244,251,178,162,117,89,99,50,50,43,39,304,271,279,282,319,277,251,218,159,173,146,119,67,57,56,24,50,601,589,540,570,600,580,495,469,337,335,263,208,166,107,106,67,89
2024,HND,Honduras,HN,Ocotepeque,HN14,Dolores Merendon,HN1404,2501,2943,5444,304,307,275,275,217,222,209,158,110,118,82,67,36,26,34,31,30,377,316,304,303,338,273,229,177,138,141,92,76,48,45,31,30,25,681,623,579,578,555,495,438,335,248,259,174,143,84,71,65,61,55
2024,HND,Honduras,HN,Ocotepeque,HN14,Fraternidad,HN1405,4284,4775,9059,626,537,477,390,437,341,345,284,207,169,127,104,91,55,26,27,41,630,539,472,467,467,470,364,374,259,166,155,104,108,81,59,40,20,1256,1076,949,857,904,811,709,658,466,335,282,208,199,136,85,67,61
2024,HND,Honduras,HN,Ocotepeque,HN14,La Encarnacion,HN1406,3039,2997,6036,287,271,254,245,269,287,230,250,192,169,107,108,102,92,54,58,64,300,249,266,289,301,261,234,229,183,140,125,118,83,86,46,38,49,587,520,520,534,570,548,464,479,375,309,232,226,185,178,100,96,113
2024,HND,Honduras,HN,Ocotepeque,HN14,La Labor,HN1407,5801,5650,11451,532,477,483,530,633,547,489,385,397,334,264,218,140,150,60,82,80,614,489,543,526,502,517,431,358,374,267,236,226,171,140,85,80,91,1146,966,1026,1056,1135,1064,920,743,771,601,500,444,311,290,145,162,171
2024,HND,Honduras,HN,Ocotepeque,HN14,Lucerna,HN1408,3236,3396,6632,318,354,314,288,292,301,254,212,196,152,118,104,86,91,58,60,38,356,417,330,352,285,284,271,220,206,165,125,106,64,76,59,33,47,674,771,644,640,577,585,525,432,402,317,243,210,150,167,117,93,85
2024,HND,Honduras,HN,Ocotepeque,HN14,Mercedes,HN1409,3942,3994,7936,362,365,406,389,395,329,350,276,243,205,163,145,94,85,42,43,50,338,392,447,429,372,308,351,301,247,195,135,141,102,89,52,45,50,700,757,853,818,767,637,701,577,490,400,298,286,196,174,94,88,100
2024,HND,Honduras,HN,Ocotepeque,HN14,Ocotepeque,HN1401,15101,12799,27900,1260,1193,1270,1589,1446,1378,1209,1054,956,843,687,523,478,373,325,200,317,1291,1241,1251,1283,1251,1110,997,919,726,671,529,387,322,255,225,141,200,2551,2434,2521,2872,2697,2488,2206,1973,1682,1514,1216,910,800,628,550,341,517
2024,HND,Honduras,HN,Ocotepeque,HN14,San Fernando,HN1410,3765,3781,7546,428,321,346,374,351,330,291,300,203,218,155,124,112,80,59,18,55,416,371,359,375,368,376,276,244,232,155,137,146,101,85,61,41,38,844,692,705,749,719,706,567,544,435,373,292,270,213,165,120,59,93
2024,HND,Honduras,HN,Ocotepeque,HN14,San Francisco del Valle,HN1411,5423,5300,10723,518,539,495,489,479,516,459,407,327,248,231,203,143,120,107,65,77,564,554,503,534,474,491,397,398,320,238,206,164,133,118,80,61,65,1082,1093,998,1023,953,1007,856,805,647,486,437,367,276,238,187,126,142
2024,HND,Honduras,HN,Ocotepeque,HN14,San Jorge,HN1412,2777,3107,5884,291,255,256,298,289,271,241,178,176,126,107,95,64,34,32,27,37,317,299,297,328,345,303,241,231,175,155,126,88,73,53,29,26,21,608,554,553,626,634,574,482,409,351,281,233,183,137,87,61,53,58
2024,HND,Honduras,HN,Ocotepeque,HN14,San Marcos,HN1413,12644,11491,24135,1186,1101,1113,1286,1257,1174,1082,966,797,655,478,414,357,267,221,124,166,1226,1143,1120,1162,1132,1046,1005,835,672,579,410,273,287,191,156,122,132,2412,2244,2233,2448,2389,2220,2087,1801,1469,1234,888,687,644,458,377,246,298
2024,HND,Honduras,HN,Ocotepeque,HN14,Santa Fe,HN1414,2854,2923,5777,303,283,277,270,298,280,209,170,186,116,91,94,66,57,60,36,58,296,297,284,284,278,314,254,192,161,137,84,94,86,47,58,15,42,599,580,561,554,576,594,463,362,347,253,175,188,152,104,118,51,100
2024,HND,Honduras,HN,Ocotepeque,HN14,Sensenti,HN1415,6323,6224,12547,619,567,521,512,570,567,505,486,410,330,328,238,190,144,117,81,138,592,542,554,560,574,538,566,462,424,332,265,214,204,143,104,62,88,1211,1109,1075,1072,1144,1105,1071,948,834,662,593,452,394,287,221,143,226
2024,HND,Honduras,HN,Ocotepeque,HN14,Sinuapa,HN1416,5769,5587,11356,554,497,522,529,576,522,487,433,340,286,272,211,172,119,108,57,84,586,509,541,532,583,528,426,380,330,277,233,183,113,127,103,55,81,1140,1006,1063,1061,1159,1050,913,813,670,563,505,394,285,246,211,112,165
2024,HND,Honduras,HN,Olancho,HN15,Campamento,HN1502,12886,12946,25832,1391,1317,1338,1252,1249,1175,994,866,747,563,491,409,305,272,219,131,167,1406,1344,1375,1284,1321,1187,1109,871,717,515,458,350,310,265,185,128,121,2797,2661,2713,2536,2570,2362,2103,1737,1464,1078,949,759,615,537,404,259,288
2024,HND,Honduras,HN,Olancho,HN15,Catacamas,HN1503,72735,69986,142721,7515,7378,7405,7516,7194,6427,5575,4952,4021,3552,2881,2240,1778,1488,1115,748,950,7988,7856,7670,7392,7008,6172,5054,4299,3436,2867,2427,2078,1633,1381,1088,743,894,15503,15234,15075,14908,14202,12599,10629,9251,7457,6419,5308,4318,3411,2869,2203,1491,1844
2024,HND,Honduras,HN,Olancho,HN15,Concordia,HN1504,4392,4650,9042,383,413,438,355,345,321,339,319,304,218,215,211,153,133,84,66,95,378,470,476,411,405,353,369,335,299,251,220,164,167,104,100,49,99,761,883,914,766,750,674,708,654,603,469,435,375,320,237,184,115,194
2024,HND,Honduras,HN,Olancho,HN15,Dulce Nombre de Culmi,HN1505,15681,17097,32778,1895,1767,1763,1601,1466,1341,1215,1006,834,620,560,473,365,282,180,143,170,1974,1908,1918,1808,1607,1388,1383,1139,932,692,556,516,424,321,229,148,154,3869,3675,3681,3409,3073,2729,2598,2145,1766,1312,1116,989,789,603,409,291,324
2024,HND,Honduras,HN,Olancho,HN15,El Rosario,HN1506,2175,2185,4360,222,261,253,166,162,160,175,155,117,103,83,84,73,47,40,43,31,190,232,265,231,171,177,137,176,109,111,69,68,76,54,40,38,41,412,493,518,397,333,337,312,331,226,214,152,152,149,101,80,81,72
2024,HND,Honduras,HN,Olancho,HN15,Esquipulas del Norte,HN1507,6696,7507,14203,776,875,771,689,557,547,502,495,331,260,244,192,144,119,80,57,57,810,873,879,757,649,608,586,559,390,350,303,246,185,103,106,66,37,1586,1748,1650,1446,1206,1155,1088,1054,721,610,547,438,329,222,186,123,94
2024,HND,Honduras,HN,Olancho,HN15,Gualaco,HN1508,11744,12288,24032,1246,1404,1312,1096,1011,957,938,724,651,553,448,364,312,241,174,120,193,1380,1373,1346,1228,1162,1133,952,811,677,514,457,359,281,181,175,110,149,2626,2777,2658,2324,2173,2090,1890,1535,1328,1067,905,723,593,422,349,230,342
2024,HND,Honduras,HN,Olancho,HN15,Guarizama,HN1509,4157,4136,8293,450,368,400,391,362,350,335,277,242,187,183,145,129,96,99,54,89,415,414,415,422,364,410,298,304,235,207,139,113,127,100,84,34,55,865,782,815,813,726,760,633,581,477,394,322,258,256,196,183,88,144
2024,HND,Honduras,HN,Olancho,HN15,Guata,HN1510,6280,7030,13310,696,774,713,576,545,559,482,463,317,250,210,186,149,123,98,64,75,749,829,836,725,700,655,565,511,337,273,218,179,180,96,69,55,53,1445,1603,1549,1301,1245,1214,1047,974,654,523,428,365,329,219,167,119,128
2024,HND,Honduras,HN,Olancho,HN15,Guayape,HN1511,7030,7038,14068,666,702,800,573,540,475,538,500,424,357,333,297,221,172,155,121,156,742,751,893,734,611,466,526,428,385,312,257,236,193,186,111,91,116,1408,1453,1693,1307,1151,941,1064,928,809,669,590,533,414,358,266,212,272
2024,HND,Honduras,HN,Olancho,HN15,Jano,HN1512,2887,3228,6115,335,396,313,246,276,229,227,170,148,151,85,85,66,36,66,22,36,327,371,348,332,302,319,259,228,158,134,117,95,84,48,53,26,27,662,767,661,578,578,548,486,398,306,285,202,180,150,84,119,48,63
2024,HND,Honduras,HN,Olancho,HN15,Juticalpa,HN1501,81218,71479,152697,7543,7529,7569,8490,8379,7644,6629,5719,4559,3924,3240,2645,2189,1756,1283,929,1191,7673,7605,7548,7633,7441,6758,5622,4673,3676,3004,2394,1879,1680,1326,984,710,873,15216,15134,15117,16123,15820,14402,12251,10392,8235,6928,5634,4524,3869,3082,2267,1639,2064
2024,HND,Honduras,HN,Olancho,HN15,La Union,HN1513,4498,4184,8682,514,507,506,405,356,336,359,289,273,195,177,140,114,103,84,58,82,517,484,484,451,423,332,300,249,227,147,150,104,98,81,60,37,40,1031,991,990,856,779,668,659,538,500,342,327,244,212,184,144,95,122
2024,HND,Honduras,HN,Olancho,HN15,Mangulile,HN1514,4542,4963,9505,574,535,517,429,357,336,315,282,241,182,154,173,130,114,89,60,54,633,531,571,513,411,429,405,364,245,164,159,135,114,119,71,48,51,1207,1066,1088,942,768,765,720,646,486,346,313,308,244,233,160,108,105
2024,HND,Honduras,HN,Olancho,HN15,Manto,HN1515,5802,6178,11980,508,510,533,494,486,447,457,420,352,318,232,214,216,181,135,117,182,552,571,610,569,574,520,449,504,339,275,305,207,208,146,121,94,134,1060,1081,1143,1063,1060,967,906,924,691,593,537,421,424,327,256,211,316
2024,HND,Honduras,HN,Olancho,HN15,Patuca,HN1523,14268,14759,29027,1577,1602,1684,1535,1307,1186,1065,974,799,640,500,371,308,260,186,124,150,1580,1542,1728,1542,1405,1362,1135,926,773,670,560,396,340,264,237,149,150,3157,3144,3412,3077,2712,2548,2200,1900,1572,1310,1060,767,648,524,423,273,300
2024,HND,Honduras,HN,Olancho,HN15,Salama,HN1516,4437,3984,8421,393,413,421,337,332,346,338,313,264,276,220,174,185,127,129,68,101,337,429,429,382,353,351,285,258,228,170,167,163,110,108,78,61,75,730,842,850,719,685,697,623,571,492,446,387,337,295,235,207,129,176
2024,HND,Honduras,HN,Olancho,HN15,San Esteban,HN1517,13518,15035,28553,1371,1441,1479,1287,1244,1147,1080,922,815,619,526,404,357,254,182,175,215,1508,1658,1643,1572,1417,1263,1234,988,825,696,551,469,322,306,213,177,193,2879,3099,3122,2859,2661,2410,2314,1910,1640,1315,1077,873,679,560,395,352,408
2024,HND,Honduras,HN,Olancho,HN15,San Francisco de Becerra,HN1518,6097,5879,11976,608,573,575,572,529,535,470,400,378,296,226,276,190,146,119,87,117,649,591,599,604,577,530,460,362,274,268,192,203,144,154,102,79,91,1257,1164,1174,1176,1106,1065,930,762,652,564,418,479,334,300,221,166,208
2024,HND,Honduras,HN,Olancho,HN15,San Francisco de La Paz,HN1519,11017,10845,21862,993,1065,1081,1045,971,916,783,832,707,502,488,406,352,254,233,172,217,1073,1122,1112,1207,1014,870,787,745,617,512,386,366,297,221,203,132,181,2066,2187,2193,2252,1985,1786,1570,1577,1324,1014,874,772,649,475,436,304,398
2024,HND,Honduras,HN,Olancho,HN15,Santa Maria del Real,HN1520,5858,5270,11128,575,511,565,538,537,523,460,437,372,287,228,188,195,158,113,79,92,560,541,525,586,509,409,392,338,289,231,176,152,149,160,95,75,83,1135,1052,1090,1124,1046,932,852,775,661,518,404,340,344,318,208,154,175
2024,HND,Honduras,HN,Olancho,HN15,Silca,HN1521,4162,4228,8390,406,352,402,398,357,347,312,276,232,236,180,188,152,100,71,69,84,381,397,458,356,376,347,326,302,260,239,175,187,136,90,68,57,73,787,749,860,754,733,694,638,578,492,475,355,375,288,190,139,126,157
2024,HND,Honduras,HN,Olancho,HN15,Yocon,HN1522,6639,7193,13832,806,811,784,662,560,465,477,396,368,322,232,213,156,135,90,82,80,807,832,868,704,637,681,517,515,369,288,244,238,137,142,67,50,97,1613,1643,1652,1366,1197,1146,994,911,737,610,476,451,293,277,157,132,177
2024,HND,Honduras,HN,Santa Barbara,HN16,Arada,HN1602,5719,6253,11972,502,602,576,539,479,461,491,377,328,308,238,195,183,132,126,77,105,598,637,628,580,556,523,477,459,378,351,257,214,188,128,119,75,85,1100,1239,1204,1119,1035,984,968,836,706,659,495,409,371,260,245,152,190
2024,HND,Honduras,HN,Santa Barbara,HN16,Atima,HN1603,10344,11408,21752,1166,1107,1033,999,1022,953,806,693,578,462,377,310,248,201,146,127,116,1258,1195,1154,1045,1124,1013,1028,818,673,520,446,301,268,189,145,117,114,2424,2302,2187,2044,2146,1966,1834,1511,1251,982,823,611,516,390,291,244,230
2024,HND,Honduras,HN,Santa Barbara,HN16,Azacualpa,HN1604,14576,12033,26609,1368,1359,1492,1575,1555,1236,1099,933,762,616,615,485,451,322,298,157,253,1443,1239,1311,1401,1240,1037,781,668,528,458,413,335,324,248,233,165,209,2811,2598,2803,2976,2795,2273,1880,1601,1290,1074,1028,820,775,570,531,322,462
2024,HND,Honduras,HN,Santa Barbara,HN16,Ceguaca,HN1605,2790,3277,6067,255,294,234,257,255,237,216,235,173,111,109,108,78,69,65,54,40,306,274,329,312,284,268,267,329,173,179,129,87,105,71,62,48,54,561,568,563,569,539,505,483,564,346,290,238,195,183,140,127,102,94
2024,HND,Honduras,HN,Santa Barbara,HN16,Chinda,HN1608,2570,2760,5330,260,290,288,222,184,163,211,150,152,117,129,95,95,81,40,41,52,267,289,301,249,212,204,184,184,174,130,151,112,80,74,51,32,66,527,579,589,471,396,367,395,334,326,247,280,207,175,155,91,73,118
2024,HND,Honduras,HN,Santa Barbara,HN16,Concepcion del Norte,HN1606,4569,5464,10033,443,507,520,414,347,335,324,331,239,241,181,173,128,132,101,64,89,505,523,549,538,454,434,378,396,321,278,229,222,184,160,105,71,117,948,1030,1069,952,801,769,702,727,560,519,410,395,312,292,206,135,206
2024,HND,Honduras,HN,Santa Barbara,HN16,Concepcion del Sur,HN1607,2598,2879,5477,302,245,235,224,241,253,236,173,166,111,110,98,55,55,32,26,36,286,270,287,240,234,281,241,231,195,152,78,132,97,71,39,14,31,588,515,522,464,475,534,477,404,361,263,188,230,152,126,71,40,67
2024,HND,Honduras,HN,Santa Barbara,HN16,El Nispero,HN1609,4807,5110,9917,470,457,442,438,365,417,411,310,274,262,192,162,172,161,106,75,93,477,498,517,505,426,407,450,392,274,228,214,215,109,153,100,52,93,947,955,959,943,791,824,861,702,548,490,406,377,281,314,206,127,186
2024,HND,Honduras,HN,Santa Barbara,HN16,Gualala,HN1610,2639,3110,5749,233,256,231,197,195,217,199,228,188,165,92,108,96,68,66,41,59,246,251,238,238,259,210,277,243,202,195,170,128,110,126,63,85,69,479,507,469,435,454,427,476,471,390,360,262,236,206,194,129,126,128
2024,HND,Honduras,HN,Santa Barbara,HN16,Ilama,HN1611,4681,4617,9298,415,467,434,388,405,376,351,309,273,264,236,185,159,123,107,75,114,415,444,420,432,395,390,364,305,275,255,204,177,166,111,103,66,95,830,911,854,820,800,766,715,614,548,519,440,362,325,234,210,141,209
2024,HND,Honduras,HN,Santa Barbara,HN16,Las Vegas,HN1627,14121,14063,28184,1491,1473,1387,1388,1458,1127,1028,948,757,647,589,509,369,315,249,179,207,1547,1518,1435,1477,1373,1197,1062,845,712,621,566,480,354,283,240,165,188,3038,2991,2822,2865,2831,2324,2090,1793,1469,1268,1155,989,723,598,489,344,395
2024,HND,Honduras,HN,Santa Barbara,HN16,Macuelizo,HN1612,20563,19666,40229,1951,1950,2042,2066,2028,1852,1576,1299,1107,962,920,689,562,488,395,309,367,1996,1975,2094,2180,2060,1697,1422,1166,990,875,748,627,498,376,365,234,363,3947,3925,4136,4246,4088,3549,2998,2465,2097,1837,1668,1316,1060,864,760,543,730
2024,HND,Honduras,HN,Santa Barbara,HN16,Naranjito,HN1613,6999,6961,13960,663,656,740,698,611,595,526,488,377,322,311,211,238,204,126,97,136,668,682,740,707,647,569,584,484,350,349,268,212,199,149,145,93,115,1331,1338,1480,1405,1258,1164,1110,972,727,671,579,423,437,353,271,190,251
2024,HND,Honduras,HN,Santa Barbara,HN16,Nueva Frontera,HN1628,7102,7115,14217,806,851,817,673,619,617,487,424,336,339,258,226,181,172,118,84,94,817,863,830,721,591,584,492,442,361,298,231,226,205,151,114,83,106,1623,1714,1647,1394,1210,1201,979,866,697,637,489,452,386,323,232,167,200
2024,HND,Honduras,HN,Santa Barbara,HN16,Nuevo Celilac,HN1614,4096,4144,8240,418,436,443,360,300,310,280,283,206,240,191,124,134,99,98,85,89,408,395,409,404,352,350,299,267,275,230,179,149,109,100,78,64,76,826,831,852,764,652,660,579,550,481,470,370,273,243,199,176,149,165
2024,HND,Honduras,HN,Santa Barbara,HN16,Petoa,HN1615,6468,6834,13302,627,581,654,593,560,593,545,468,355,352,241,241,182,160,114,96,106,571,623,686,624,615,597,588,455,403,331,294,286,227,189,131,92,122,1198,1204,1340,1217,1175,1190,1133,923,758,683,535,527,409,349,245,188,228
2024,HND,Honduras,HN,Santa Barbara,HN16,Proteccion,HN1616,9048,9462,18510,1091,1018,1073,955,755,797,621,585,458,395,305,272,227,175,123,94,104,1157,1105,1166,925,895,862,638,590,426,411,281,274,211,192,136,99,94,2248,2123,2239,1880,1650,1659,1259,1175,884,806,586,546,438,367,259,193,198
2024,HND,Honduras,HN,Santa Barbara,HN16,Quimistan,HN1617,33898,33799,67697,3689,3455,3402,3346,3477,3076,2608,2177,1870,1544,1281,1090,920,674,446,340,503,3511,3441,3483,3278,3422,3119,2642,2279,1892,1428,1353,995,906,722,509,375,444,7200,6896,6885,6624,6899,6195,5250,4456,3762,2972,2634,2085,1826,1396,955,715,947
2024,HND,Honduras,HN,Santa Barbara,HN16,San Francisco de Ojuera,HN1618,4053,4607,8660,452,440,453,333,338,292,319,296,272,203,145,127,126,84,74,44,55,446,467,504,435,360,385,358,339,302,214,181,183,108,123,72,61,69,898,907,957,768,698,677,677,635,574,417,326,310,234,207,146,105,124
2024,HND,Honduras,HN,Santa Barbara,HN16,San Jose de Colinas,HN1619,9398,10763,20161,811,812,846,751,723,757,690,648,618,554,478,459,329,262,243,173,244,858,948,915,891,805,942,834,785,721,625,553,514,416,329,235,186,206,1669,1760,1761,1642,1528,1699,1524,1433,1339,1179,1031,973,745,591,478,359,450
2024,HND,Honduras,HN,Santa Barbara,HN16,San Luis,HN1620,12170,13767,25937,1303,1211,1264,1208,1010,961,898,836,687,637,453,459,365,299,215,162,202,1339,1385,1408,1432,1214,1118,1050,928,787,661,567,497,425,333,262,159,202,2642,2596,2672,2640,2224,2079,1948,1764,1474,1298,1020,956,790,632,477,321,404
2024,HND,Honduras,HN,Santa Barbara,HN16,San Marcos,HN1621,8279,8439,16718,815,802,783,787,820,681,612,545,506,389,376,314,225,178,176,110,160,881,860,850,774,836,760,584,520,453,396,375,302,236,185,153,112,162,1696,1662,1633,1561,1656,1441,1196,1065,959,785,751,616,461,363,329,222,322
2024,HND,Honduras,HN,Santa Barbara,HN16,San Nicolas,HN1622,8360,8631,16991,874,775,833,792,782,687,650,575,477,393,307,306,240,218,164,131,156,882,878,831,763,809,810,695,615,466,419,341,285,236,201,150,112,138,1756,1653,1664,1555,1591,1497,1345,1190,943,812,648,591,476,419,314,243,294
2024,HND,Honduras,HN,Santa Barbara,HN16,San Pedro Zacapa,HN1623,5483,5814,11297,503,521,590,515,459,420,393,365,340,299,249,230,186,132,103,77,101,522,538,604,593,471,493,433,396,329,324,247,218,162,156,138,81,109,1025,1059,1194,1108,930,913,826,761,669,623,496,448,348,288,241,158,210
2024,HND,Honduras,HN,Santa Barbara,HN16,San Vicente Centenario,HN1624,1942,1951,3893,157,172,200,212,196,142,122,137,136,98,95,68,58,48,40,30,31,208,195,203,219,218,172,115,88,101,111,65,59,46,48,41,32,30,365,367,403,431,414,314,237,225,237,209,160,127,104,96,81,62,61
2024,HND,Honduras,HN,Santa Barbara,HN16,Santa Barbara,HN1601,25725,24799,50524,2268,2226,2177,2826,2563,2429,1949,1717,1545,1237,1064,892,753,654,555,367,503,2514,2405,2380,2489,2527,2240,1909,1617,1486,1159,951,759,691,569,429,308,366,4782,4631,4557,5315,5090,4669,3858,3334,3031,2396,2015,1651,1444,1223,984,675,869
2024,HND,Honduras,HN,Santa Barbara,HN16,Santa Rita,HN1625,2201,1953,4154,246,248,265,181,184,160,145,143,119,100,77,68,79,57,39,41,49,200,214,220,210,169,170,120,126,115,90,64,50,49,67,32,28,29,446,462,485,391,353,330,265,269,234,190,141,118,128,124,71,69,78
2024,HND,Honduras,HN,Santa Barbara,HN16,Trinidad,HN1626,10740,11363,22103,868,990,993,1014,900,893,839,756,630,542,539,436,338,301,246,178,277,1058,1053,1086,1059,1042,957,859,812,643,564,502,453,366,270,256,176,207,1926,2043,2079,2073,1942,1850,1698,1568,1273,1106,1041,889,704,571,502,354,484
2024,HND,Honduras,HN,Valle,HN17,Alianza,HN1702,3906,3755,7661,340,301,293,286,295,253,233,266,234,224,234,221,198,167,125,94,142,345,292,350,338,304,270,249,257,218,190,176,165,166,149,103,95,88,685,593,643,624,599,523,482,523,452,414,410,386,364,316,228,189,230
2024,HND,Honduras,HN,Valle,HN17,Amapala,HN1703,7399,7962,15361,769,700,715,649,593,599,546,582,421,403,290,270,224,204,153,123,158,786,737,750,734,764,656,723,622,532,344,338,239,187,172,136,109,133,1555,1437,1465,1383,1357,1255,1269,1204,953,747,628,509,411,376,289,232,291
2024,HND,Honduras,HN,Valle,HN17,Aramecina,HN1704,4018,3959,7977,395,407,370,355,341,312,272,294,279,183,187,131,170,118,69,60,75,435,428,436,406,317,296,230,222,256,204,148,135,127,114,83,46,76,830,835,806,761,658,608,502,516,535,387,335,266,297,232,152,106,151
2024,HND,Honduras,HN,Valle,HN17,Caridad,HN1705,1944,2183,4127,152,156,172,178,144,161,155,173,138,104,94,80,63,65,42,28,39,180,198,224,140,155,205,194,136,151,104,83,95,71,84,67,32,64,332,354,396,318,299,366,349,309,289,208,177,175,134,149,109,60,103
2024,HND,Honduras,HN,Valle,HN17,Goascoran,HN1706,7611,7283,14894,685,596,609,610,637,596,602,511,466,455,376,337,284,242,207,144,254,688,612,632,674,615,630,575,512,423,382,363,271,259,194,162,105,186,1373,1208,1241,1284,1252,1226,1177,1023,889,837,739,608,543,436,369,249,440
2024,HND,Honduras,HN,Valle,HN17,Langue,HN1707,10993,11054,22047,1017,1063,1053,1010,900,844,773,830,641,569,494,427,343,338,232,194,265,1060,1191,1156,1045,895,903,818,755,673,551,438,426,328,290,188,162,175,2077,2254,2209,2055,1795,1747,1591,1585,1314,1120,932,853,671,628,420,356,440
2024,HND,Honduras,HN,Valle,HN17,Nacaome,HN1701,33536,31116,64652,3299,3189,3097,3108,3152,2863,2586,2197,1873,1630,1394,1200,1052,849,749,549,749,3474,3219,3133,3203,2986,2699,2369,2053,1570,1380,1144,965,822,640,571,384,504,6773,6408,6230,6311,6138,5562,4955,4250,3443,3010,2538,2165,1874,1489,1320,933,1253
2024,HND,Honduras,HN,Valle,HN17,San Francisco de Coray,HN1708,5049,5286,10335,477,524,464,483,422,427,379,330,280,252,195,206,153,123,115,90,129,555,586,617,517,482,422,401,357,273,252,172,171,148,107,86,63,77,1032,1110,1081,1000,904,849,780,687,553,504,367,377,301,230,201,153,206
2024,HND,Honduras,HN,Valle,HN17,San Lorenzo,HN1709,27130,24471,51601,2715,2549,2542,2740,2795,2561,2316,1854,1535,1176,1033,822,712,595,473,322,390,2719,2620,2463,2593,2616,2445,2055,1715,1150,907,776,638,558,431,305,224,256,5434,5169,5005,5333,5411,5006,4371,3569,2685,2083,1809,1460,1270,1026,778,546,646
2024,HND,Honduras,HN,Yoro,HN18,Arenal,HN1802,3035,3060,6095,287,273,308,301,237,232,235,220,182,149,146,103,94,79,56,62,71,300,299,309,326,301,249,189,242,177,152,121,115,75,63,63,42,37,587,572,617,627,538,481,424,462,359,301,267,218,169,142,119,104,108
2024,HND,Honduras,HN,Yoro,HN18,El Negrito,HN1803,25884,25084,50968,2681,2664,2593,2579,2418,2172,2013,1801,1513,1160,971,882,710,584,417,337,389,2713,2682,2664,2645,2402,2161,1836,1607,1257,1019,887,827,627,609,430,298,420,5394,5346,5257,5224,4820,4333,3849,3408,2770,2179,1858,1709,1337,1193,847,635,809
2024,HND,Honduras,HN,Yoro,HN18,El Progreso,HN1804,108855,96968,205823,9575,9344,9527,10385,10896,10361,9240,7932,6303,5410,4668,4009,3235,2657,2057,1384,1872,9724,9697,9450,9973,10215,9150,7798,6480,5113,4250,3513,2935,2490,2016,1618,1201,1345,19299,19041,18977,20358,21111,19511,17038,14412,11416,9660,8181,6944,5725,4673,3675,2585,3217
2024,HND,Honduras,HN,Yoro,HN18,Jocon,HN1805,4678,5072,9750,483,506,517,426,352,360,358,331,261,213,184,157,127,117,107,66,113,505,561,589,525,413,395,372,329,287,204,173,182,147,111,115,56,108,988,1067,1106,951,765,755,730,660,548,417,357,339,274,228,222,122,221
2024,HND,Honduras,HN,Yoro,HN18,Morazan,HN1806,27037,25114,52151,2789,2854,2904,2813,2432,2215,1828,1755,1479,1276,1097,916,768,685,427,364,435,2912,2850,3051,2854,2390,1891,1662,1443,1208,1001,798,715,678,539,443,333,346,5701,5704,5955,5667,4822,4106,3490,3198,2687,2277,1895,1631,1446,1224,870,697,781
2024,HND,Honduras,HN,Yoro,HN18,Olanchito,HN1807,65097,61152,126249,6242,6071,6102,6373,6174,5457,4725,4478,4003,3340,2803,2304,2050,1534,1366,905,1170,6737,6310,6465,6614,5994,5155,4230,3736,3326,2732,2384,1878,1561,1260,1018,754,998,12979,12381,12567,12987,12168,10612,8955,8214,7329,6072,5187,4182,3611,2794,2384,1659,2168
2024,HND,Honduras,HN,Yoro,HN18,Santa Rita,HN1808,11309,10331,21640,1060,1069,1101,1017,1092,949,888,779,668,599,497,407,330,294,215,143,201,1082,1065,1061,1079,1082,880,796,638,562,465,335,291,289,235,182,113,176,2142,2134,2162,2096,2174,1829,1684,1417,1230,1064,832,698,619,529,397,256,377
2024,HND,Honduras,HN,Yoro,HN18,Sulaco,HN1809,10464,10794,21258,962,1150,1161,945,700,791,756,749,640,528,471,390,289,314,233,167,218,1098,1264,1243,1075,897,868,764,763,550,509,434,307,262,248,228,120,164,2060,2414,2404,2020,1597,1659,1520,1512,1190,1037,905,697,551,562,461,287,382
2024,HND,Honduras,HN,Yoro,HN18,Victoria,HN1810,19070,20614,39684,2183,2170,2138,1835,1601,1420,1404,1286,1062,982,752,555,478,408,317,234,245,2161,2312,2379,2132,1843,1766,1574,1367,1138,929,706,611,491,411,298,240,256,4344,4482,4517,3967,3444,3186,2978,2653,2200,1911,1458,1166,969,819,615,474,501
2024,HND,Honduras,HN,Yoro,HN18,Yorito,HN1811,12209,12802,25011,1413,1286,1270,1090,1014,955,915,835,718,600,460,457,341,278,193,188,196,1436,1480,1411,1275,1077,1057,993,850,634,571,451,420,317,290,210,166,164,2849,2766,2681,2365,2091,2012,1908,1685,1352,1171,911,877,658,568,403,354,360
2024,HND,Honduras,HN,Yoro,HN18,Yoro,HN1801,52188,52914,105102,5569,5705,5703,4974,4607,4278,4022,3327,2951,2528,2054,1684,1452,1071,839,647,777,5838,5823,6069,5546,4753,4478,4071,3501,2720,2204,1907,1550,1325,1020,798,584,727,11407,11528,11772,10520,9360,8756,8093,6828,5671,4732,3961,3234,2777,2091,1637,1231,1504
